utc,gpu,core_temp_C,power_W,fan_pct,util_pct,memory_MiB
2026-10-02T10:32:05.556955+00:00,1,33,26.15,30,0,10
2026-10-02T10:32:10.582458+00:00,1,47,238.72,30,73,433
2026-10-02T10:32:15.607225+00:00,1,49,241.71,30,73,433
2026-10-02T10:32:20.676639+00:00,1,49,253.76,30,73,433
2026-10-02T10:32:25.698287+00:00,1,50,244.23,30,52,433
2026-10-02T10:32:30.750546+00:00,1,54,257.95,30,79,433
2026-10-02T10:32:35.774097+00:00,1,54,260.17,30,61,433
2026-10-02T10:32:40.796589+00:00,1,56,251.14,30,67,433
2026-10-02T10:32:45.827464+00:00,1,57,246.46,30,71,433
2026-10-02T10:32:50.846899+00:00,1,59,256.42,30,78,433
2026-10-02T10:32:55.870852+00:00,1,59,258.75,30,18,433
2026-10-02T10:33:00.893212+00:00,1,61,260.42,30,78,433
2026-10-02T10:33:05.927471+00:00,1,60,263.95,30,35,433
2026-10-02T10:33:10.958123+00:00,1,59,255.55,30,40,433
2026-10-02T10:33:15.981498+00:00,1,62,255.60,30,69,433
2026-10-02T10:33:21.004622+00:00,1,62,265.73,30,75,433
2026-10-02T10:33:26.031098+00:00,1,61,265.60,31,60,433
2026-10-02T10:33:31.053643+00:00,1,61,262.45,33,70,433
2026-10-02T10:33:36.085731+00:00,1,61,257.00,35,69,433
2026-10-02T10:33:41.109006+00:00,1,64,271.98,37,53,433
2026-10-02T10:33:46.132508+00:00,1,65,274.28,40,82,433
2026-10-02T10:33:51.155988+00:00,1,65,266.74,42,78,433
2026-10-02T10:33:56.178974+00:00,1,65,270.97,45,79,433
2026-10-02T10:34:01.198923+00:00,1,65,272.83,47,81,433
2026-10-02T10:34:06.222154+00:00,1,66,271.68,47,79,433
2026-10-02T10:34:11.245527+00:00,1,64,268.79,48,10,433
2026-10-02T10:34:16.269325+00:00,1,66,272.48,50,78,433
2026-10-02T10:34:21.292511+00:00,1,65,270.07,50,30,433
2026-10-02T10:34:26.316394+00:00,1,66,269.29,50,78,433
2026-10-02T10:34:31.340056+00:00,1,62,271.48,51,27,433
2026-10-02T10:34:36.364388+00:00,1,66,271.79,51,78,433
2026-10-02T10:34:41.386291+00:00,1,63,274.13,52,64,433
2026-10-02T10:34:46.409886+00:00,1,66,273.92,51,78,433
2026-10-02T10:34:51.434025+00:00,1,63,273.74,53,53,433
2026-10-02T10:34:56.457306+00:00,1,66,274.69,52,80,433
2026-10-02T10:35:01.476907+00:00,1,63,274.61,53,80,433
2026-10-02T10:35:06.497691+00:00,1,65,263.48,53,8,433
2026-10-02T10:35:11.518071+00:00,1,66,272.08,53,81,433
2026-10-02T10:35:16.538092+00:00,1,65,274.40,53,36,433
2026-10-02T10:35:21.561597+00:00,1,66,271.90,53,81,433
2026-10-02T10:35:26.585237+00:00,1,63,273.76,53,32,433
2026-10-02T10:35:31.608639+00:00,1,66,272.67,54,78,433
2026-10-02T10:35:36.634153+00:00,1,63,274.13,54,76,433
2026-10-02T10:35:41.656486+00:00,1,65,272.12,54,77,433
2026-10-02T10:35:46.683033+00:00,1,63,273.96,54,79,433
2026-10-02T10:35:51.705980+00:00,1,66,272.93,54,79,433
2026-10-02T10:35:56.730166+00:00,1,65,273.45,54,79,433
2026-10-02T10:36:01.754644+00:00,1,56,96.56,54,0,10
