round,changed_weights,sampled_clients,sample_ratio,detected,subsets,vp_weight_detection_pct,theoretical_pct,honest_acceptance_pct,false_rejection_pct,vs_weight_detection_pct
1,2,1,0.1,2,10,20.0,19.999999999999996,100,0,100
1,2,2,0.2,17,45,37.77777777777778,37.77777777777778,100,0,100
1,2,3,0.3,64,120,53.333333333333336,53.333333333333336,100,0,100
1,2,4,0.4,140,210,66.66666666666667,66.66666666666667,100,0,100
1,2,5,0.5,196,252,77.77777777777777,77.77777777777779,100,0,100
1,2,6,0.6,182,210,86.66666666666667,86.66666666666667,100,0,100
1,2,7,0.7,112,120,93.33333333333333,93.33333333333333,100,0,100
1,2,8,0.8,44,45,97.77777777777777,97.77777777777777,100,0,100
1,2,9,0.9,10,10,100.0,100,100,0,100
1,2,10,1.0,1,1,100.0,100,100,0,100
1,4,1,0.1,4,10,40.0,40.0,100,0,100
1,4,2,0.2,30,45,66.66666666666667,66.66666666666667,100,0,100
1,4,3,0.3,100,120,83.33333333333333,83.33333333333334,100,0,100
1,4,4,0.4,195,210,92.85714285714286,92.85714285714286,100,0,100
1,4,5,0.5,246,252,97.61904761904762,97.61904761904762,100,0,100
1,4,6,0.6,209,210,99.52380952380952,99.52380952380952,100,0,100
1,4,7,0.7,120,120,100.0,100,100,0,100
1,4,8,0.8,45,45,100.0,100,100,0,100
1,4,9,0.9,10,10,100.0,100,100,0,100
1,4,10,1.0,1,1,100.0,100,100,0,100
1,6,1,0.1,6,10,60.0,60.0,100,0,100
1,6,2,0.2,39,45,86.66666666666667,86.66666666666667,100,0,100
1,6,3,0.3,116,120,96.66666666666667,96.66666666666667,100,0,100
1,6,4,0.4,209,210,99.52380952380952,99.52380952380952,100,0,100
1,6,5,0.5,252,252,100.0,100,100,0,100
1,6,6,0.6,210,210,100.0,100,100,0,100
1,6,7,0.7,120,120,100.0,100,100,0,100
1,6,8,0.8,45,45,100.0,100,100,0,100
1,6,9,0.9,10,10,100.0,100,100,0,100
1,6,10,1.0,1,1,100.0,100,100,0,100
2,2,1,0.1,2,10,20.0,19.999999999999996,100,0,100
2,2,2,0.2,17,45,37.77777777777778,37.77777777777778,100,0,100
2,2,3,0.3,64,120,53.333333333333336,53.333333333333336,100,0,100
2,2,4,0.4,140,210,66.66666666666667,66.66666666666667,100,0,100
2,2,5,0.5,196,252,77.77777777777777,77.77777777777779,100,0,100
2,2,6,0.6,182,210,86.66666666666667,86.66666666666667,100,0,100
2,2,7,0.7,112,120,93.33333333333333,93.33333333333333,100,0,100
2,2,8,0.8,44,45,97.77777777777777,97.77777777777777,100,0,100
2,2,9,0.9,10,10,100.0,100,100,0,100
2,2,10,1.0,1,1,100.0,100,100,0,100
2,4,1,0.1,4,10,40.0,40.0,100,0,100
2,4,2,0.2,30,45,66.66666666666667,66.66666666666667,100,0,100
2,4,3,0.3,100,120,83.33333333333333,83.33333333333334,100,0,100
2,4,4,0.4,195,210,92.85714285714286,92.85714285714286,100,0,100
2,4,5,0.5,246,252,97.61904761904762,97.61904761904762,100,0,100
2,4,6,0.6,209,210,99.52380952380952,99.52380952380952,100,0,100
2,4,7,0.7,120,120,100.0,100,100,0,100
2,4,8,0.8,45,45,100.0,100,100,0,100
2,4,9,0.9,10,10,100.0,100,100,0,100
2,4,10,1.0,1,1,100.0,100,100,0,100
2,6,1,0.1,6,10,60.0,60.0,100,0,100
2,6,2,0.2,39,45,86.66666666666667,86.66666666666667,100,0,100
2,6,3,0.3,116,120,96.66666666666667,96.66666666666667,100,0,100
2,6,4,0.4,209,210,99.52380952380952,99.52380952380952,100,0,100
2,6,5,0.5,252,252,100.0,100,100,0,100
2,6,6,0.6,210,210,100.0,100,100,0,100
2,6,7,0.7,120,120,100.0,100,100,0,100
2,6,8,0.8,45,45,100.0,100,100,0,100
2,6,9,0.9,10,10,100.0,100,100,0,100
2,6,10,1.0,1,1,100.0,100,100,0,100
3,2,1,0.1,2,10,20.0,19.999999999999996,100,0,100
3,2,2,0.2,17,45,37.77777777777778,37.77777777777778,100,0,100
3,2,3,0.3,64,120,53.333333333333336,53.333333333333336,100,0,100
3,2,4,0.4,140,210,66.66666666666667,66.66666666666667,100,0,100
3,2,5,0.5,196,252,77.77777777777777,77.77777777777779,100,0,100
3,2,6,0.6,182,210,86.66666666666667,86.66666666666667,100,0,100
3,2,7,0.7,112,120,93.33333333333333,93.33333333333333,100,0,100
3,2,8,0.8,44,45,97.77777777777777,97.77777777777777,100,0,100
3,2,9,0.9,10,10,100.0,100,100,0,100
3,2,10,1.0,1,1,100.0,100,100,0,100
3,4,1,0.1,4,10,40.0,40.0,100,0,100
3,4,2,0.2,30,45,66.66666666666667,66.66666666666667,100,0,100
3,4,3,0.3,100,120,83.33333333333333,83.33333333333334,100,0,100
3,4,4,0.4,195,210,92.85714285714286,92.85714285714286,100,0,100
3,4,5,0.5,246,252,97.61904761904762,97.61904761904762,100,0,100
3,4,6,0.6,209,210,99.52380952380952,99.52380952380952,100,0,100
3,4,7,0.7,120,120,100.0,100,100,0,100
3,4,8,0.8,45,45,100.0,100,100,0,100
3,4,9,0.9,10,10,100.0,100,100,0,100
3,4,10,1.0,1,1,100.0,100,100,0,100
3,6,1,0.1,6,10,60.0,60.0,100,0,100
3,6,2,0.2,39,45,86.66666666666667,86.66666666666667,100,0,100
3,6,3,0.3,116,120,96.66666666666667,96.66666666666667,100,0,100
3,6,4,0.4,209,210,99.52380952380952,99.52380952380952,100,0,100
3,6,5,0.5,252,252,100.0,100,100,0,100
3,6,6,0.6,210,210,100.0,100,100,0,100
3,6,7,0.7,120,120,100.0,100,100,0,100
3,6,8,0.8,45,45,100.0,100,100,0,100
3,6,9,0.9,10,10,100.0,100,100,0,100
3,6,10,1.0,1,1,100.0,100,100,0,100
