round,sampled_clients,repeat,weight_check_ms
1,1,0,1.8056
1,1,1,0.2687
1,1,2,0.2061
1,1,3,0.1984
1,1,4,0.1849
1,1,5,0.1871
1,1,6,0.1839
1,1,7,0.1844
1,1,8,0.1854
1,1,9,0.2016
1,1,10,0.1834
1,1,11,0.1846
1,1,12,0.3603
1,1,13,0.2211
1,1,14,0.1923
1,1,15,0.2568
1,1,16,0.196
1,1,17,0.2701
1,1,18,0.2666
1,1,19,0.199
1,1,20,0.1895
1,1,21,0.1882
1,1,22,0.1831
1,1,23,0.1863
1,1,24,0.1832
1,1,25,0.1873
1,1,26,0.1914
1,1,27,0.1831
1,1,28,0.1839
1,1,29,0.1852
1,1,30,0.1826
1,1,31,0.1838
1,1,32,0.1831
1,1,33,0.181
1,1,34,0.1811
1,1,35,0.1817
1,1,36,0.1828
1,1,37,0.1863
1,1,38,0.1834
1,1,39,0.1814
1,1,40,0.1872
1,1,41,0.1805
1,1,42,0.1788
1,1,43,0.1823
1,1,44,0.1818
1,1,45,0.1804
1,1,46,0.1847
1,1,47,0.1838
1,1,48,0.185
1,1,49,0.1781
1,1,50,0.1815
1,1,51,0.1837
1,1,52,0.1824
1,1,53,0.1814
1,1,54,0.1824
1,1,55,0.1802
1,1,56,0.1811
1,1,57,0.182
1,1,58,0.1844
1,1,59,0.1823
1,1,60,0.1782
1,1,61,0.178
1,1,62,0.1782
1,1,63,0.1826
1,1,64,0.1813
1,1,65,0.1824
1,1,66,0.1811
1,1,67,0.1809
1,1,68,0.2059
1,1,69,0.1922
1,1,70,0.1801
1,1,71,0.1827
1,1,72,0.182
1,1,73,0.1815
1,1,74,0.1761
1,1,75,0.1809
1,1,76,0.1809
1,1,77,0.1806
1,1,78,0.1836
1,1,79,0.1794
1,1,80,0.1902
1,1,81,0.1793
1,1,82,0.1811
1,1,83,0.1809
1,1,84,0.1824
1,1,85,0.1801
1,1,86,0.1816
1,1,87,0.181
1,1,88,0.1815
1,1,89,0.18
1,1,90,0.1771
1,1,91,0.1946
1,1,92,0.2295
1,1,93,0.2706
1,1,94,0.1911
1,1,95,0.1845
1,1,96,0.184
1,1,97,0.1815
1,1,98,0.1807
1,1,99,0.1805
1,1,100,0.1817
1,1,101,0.1899
1,1,102,0.1839
1,1,103,0.1825
1,1,104,0.1793
1,1,105,0.1787
1,1,106,0.1797
1,1,107,0.24
1,1,108,0.2766
1,1,109,0.1945
1,1,110,0.1843
1,1,111,0.1952
1,1,112,0.286
1,1,113,0.1902
1,1,114,0.1821
1,1,115,0.1808
1,1,116,0.1791
1,1,117,0.1823
1,1,118,0.1784
1,1,119,0.1825
1,1,120,0.1828
1,1,121,0.191
1,1,122,0.1825
1,1,123,0.1809
1,1,124,0.1786
1,1,125,0.1796
1,1,126,0.1862
1,1,127,0.1826
1,1,128,0.1791
1,1,129,0.1808
1,1,130,0.181
1,1,131,0.179
1,1,132,0.1887
1,1,133,0.177
1,1,134,0.1813
1,1,135,0.1794
1,1,136,0.1813
1,1,137,0.1817
1,1,138,0.181
1,1,139,0.1806
1,1,140,0.1786
1,1,141,0.184
1,1,142,0.1792
1,1,143,0.1872
1,1,144,0.1831
1,1,145,0.1814
1,1,146,0.1786
1,1,147,0.1812
1,1,148,0.1806
1,1,149,0.1825
1,1,150,0.1815
1,1,151,0.1818
1,1,152,0.182
1,1,153,0.1744
1,1,154,0.1873
1,1,155,0.183
1,1,156,0.1788
1,1,157,0.1811
1,1,158,0.1806
1,1,159,0.1805
1,1,160,0.1792
1,1,161,0.1812
1,1,162,0.1821
1,1,163,0.1795
1,1,164,0.1766
1,1,165,0.1898
1,1,166,0.1819
1,1,167,0.183
1,1,168,0.1821
1,1,169,0.1822
1,1,170,0.1794
1,1,171,0.1816
1,1,172,0.1811
1,1,173,0.1839
1,1,174,0.1824
1,1,175,0.1797
1,1,176,0.1932
1,1,177,0.188
1,1,178,0.1832
1,1,179,0.1813
1,1,180,0.1816
1,1,181,0.1786
1,1,182,0.1793
1,1,183,0.179
1,1,184,0.179
1,1,185,0.1817
1,1,186,0.1819
1,1,187,0.1893
1,1,188,0.1825
1,1,189,0.1811
1,1,190,0.1831
1,1,191,0.182
1,1,192,0.1805
1,1,193,0.1812
1,1,194,0.1806
1,1,195,0.181
1,1,196,0.1781
1,1,197,0.1753
1,1,198,0.1875
1,1,199,0.3692
1,1,200,0.201
1,2,0,0.2241
1,2,1,0.1949
1,2,2,0.1861
1,2,3,0.1862
1,2,4,0.1846
1,2,5,0.1886
1,2,6,0.1832
1,2,7,0.1851
1,2,8,0.1938
1,2,9,0.1821
1,2,10,0.1826
1,2,11,0.1837
1,2,12,0.1809
1,2,13,0.1831
1,2,14,0.1817
1,2,15,0.1796
1,2,16,0.1802
1,2,17,0.1812
1,2,18,0.1822
1,2,19,0.1905
1,2,20,0.1773
1,2,21,0.1814
1,2,22,0.1824
1,2,23,0.1794
1,2,24,0.1786
1,2,25,0.1826
1,2,26,0.181
1,2,27,0.1822
1,2,28,0.1798
1,2,29,0.181
1,2,30,0.186
1,2,31,0.1827
1,2,32,0.1826
1,2,33,0.1805
1,2,34,0.1806
1,2,35,0.1825
1,2,36,0.1839
1,2,37,0.1792
1,2,38,0.183
1,2,39,0.1823
1,2,40,0.1806
1,2,41,0.1854
1,2,42,0.1831
1,2,43,0.1822
1,2,44,0.1801
1,2,45,0.1817
1,2,46,0.1815
1,2,47,0.1792
1,2,48,0.1827
1,2,49,0.1824
1,2,50,0.1824
1,2,51,0.1808
1,2,52,0.1885
1,2,53,0.1834
1,2,54,0.1833
1,2,55,0.1812
1,2,56,0.181
1,2,57,0.1827
1,2,58,0.1788
1,2,59,0.1808
1,2,60,0.1807
1,2,61,0.1827
1,2,62,0.1794
1,2,63,0.1924
1,2,64,0.181
1,2,65,0.1826
1,2,66,0.1829
1,2,67,0.1764
1,2,68,0.1838
1,2,69,0.1822
1,2,70,0.182
1,2,71,0.1866
1,2,72,0.1821
1,2,73,0.1827
1,2,74,0.1902
1,2,75,0.1803
1,2,76,0.1824
1,2,77,0.1829
1,2,78,0.1811
1,2,79,0.1813
1,2,80,0.1827
1,2,81,0.2872
1,2,82,0.1952
1,2,83,0.1852
1,2,84,0.1849
1,2,85,0.1811
1,2,86,0.1768
1,2,87,0.1815
1,2,88,0.1829
1,2,89,0.1793
1,2,90,0.1907
1,2,91,0.1835
1,2,92,0.1805
1,2,93,0.1742
1,2,94,0.1814
1,2,95,0.1786
1,2,96,0.1783
1,2,97,0.1793
1,2,98,0.1811
1,2,99,0.1812
1,2,100,0.1847
1,2,101,0.1908
1,2,102,0.1799
1,2,103,0.1834
1,2,104,0.1824
1,2,105,0.1795
1,2,106,0.1822
1,2,107,0.179
1,2,108,0.1809
1,2,109,0.1807
1,2,110,0.1778
1,2,111,0.1786
1,2,112,0.1888
1,2,113,0.1826
1,2,114,0.1821
1,2,115,0.1825
1,2,116,0.1809
1,2,117,0.1821
1,2,118,0.1814
1,2,119,0.1779
1,2,120,0.1792
1,2,121,0.1785
1,2,122,0.1828
1,2,123,0.1885
1,2,124,0.1806
1,2,125,0.1815
1,2,126,0.1807
1,2,127,0.18
1,2,128,0.1805
1,2,129,0.1805
1,2,130,0.1822
1,2,131,0.181
1,2,132,0.184
1,2,133,0.1893
1,2,134,0.1859
1,2,135,0.1823
1,2,136,0.1826
1,2,137,0.1814
1,2,138,0.1828
1,2,139,0.1809
1,2,140,0.1826
1,2,141,0.1818
1,2,142,0.1829
1,2,143,0.1795
1,2,144,0.1896
1,2,145,0.1835
1,2,146,0.1822
1,2,147,0.1819
1,2,148,0.1824
1,2,149,0.1789
1,2,150,0.1793
1,2,151,0.1829
1,2,152,0.1826
1,2,153,0.1814
1,2,154,0.1819
1,2,155,0.192
1,2,156,0.1853
1,2,157,0.184
1,2,158,0.1825
1,2,159,0.183
1,2,160,0.1729
1,2,161,0.1835
1,2,162,0.1833
1,2,163,0.1864
1,2,164,0.1811
1,2,165,0.1796
1,2,166,0.2291
1,2,167,0.2235
1,2,168,0.188
1,2,169,0.1843
1,2,170,0.1848
1,2,171,0.1842
1,2,172,0.1822
1,2,173,0.1799
1,2,174,0.1795
1,2,175,0.1794
1,2,176,0.1833
1,2,177,0.1868
1,2,178,0.1815
1,2,179,0.1835
1,2,180,0.181
1,2,181,0.1831
1,2,182,0.1805
1,2,183,0.1821
1,2,184,0.1829
1,2,185,0.1805
1,2,186,0.1829
1,2,187,0.1878
1,2,188,0.1833
1,2,189,0.1831
1,2,190,0.1829
1,2,191,0.1803
1,2,192,0.1804
1,2,193,0.1817
1,2,194,0.1822
1,2,195,0.1854
1,2,196,0.183
1,2,197,0.1822
1,2,198,0.1889
1,2,199,0.1827
1,2,200,0.1826
1,3,0,0.1945
1,3,1,0.1892
1,3,2,0.1844
1,3,3,0.1923
1,3,4,0.1861
1,3,5,0.1827
1,3,6,0.183
1,3,7,0.1815
1,3,8,0.1832
1,3,9,0.1828
1,3,10,0.1789
1,3,11,0.179
1,3,12,0.1823
1,3,13,0.1819
1,3,14,0.1896
1,3,15,0.1816
1,3,16,0.1808
1,3,17,0.1796
1,3,18,0.1786
1,3,19,0.1827
1,3,20,0.1788
1,3,21,0.1814
1,3,22,0.1806
1,3,23,0.1814
1,3,24,0.1845
1,3,25,0.1955
1,3,26,0.1897
1,3,27,0.1842
1,3,28,0.1757
1,3,29,0.1837
1,3,30,0.1819
1,3,31,0.1797
1,3,32,0.1842
1,3,33,0.1915
1,3,34,0.1842
1,3,35,0.1861
1,3,36,0.1868
1,3,37,0.1805
1,3,38,0.1836
1,3,39,0.1822
1,3,40,0.1792
1,3,41,0.1798
1,3,42,0.1812
1,3,43,0.183
1,3,44,0.1816
1,3,45,0.1792
1,3,46,0.2635
1,3,47,0.2294
1,3,48,0.1899
1,3,49,0.1854
1,3,50,0.1833
1,3,51,0.1808
1,3,52,0.1851
1,3,53,0.1829
1,3,54,0.1831
1,3,55,0.1919
1,3,56,0.1784
1,3,57,0.1836
1,3,58,0.1866
1,3,59,0.1803
1,3,60,0.1795
1,3,61,0.182
1,3,62,0.1864
1,3,63,0.1791
1,3,64,0.1818
1,3,65,0.183
1,3,66,0.185
1,3,67,0.187
1,3,68,0.1842
1,3,69,0.1798
1,3,70,0.1821
1,3,71,0.1795
1,3,72,0.1829
1,3,73,0.1803
1,3,74,0.1795
1,3,75,0.1764
1,3,76,0.1834
1,3,77,0.1869
1,3,78,0.1833
1,3,79,0.182
1,3,80,0.1818
1,3,81,0.1818
1,3,82,0.1833
1,3,83,0.182
1,3,84,0.1807
1,3,85,0.184
1,3,86,0.1833
1,3,87,0.1775
1,3,88,0.1898
1,3,89,0.1867
1,3,90,0.1837
1,3,91,0.1838
1,3,92,0.1836
1,3,93,0.18
1,3,94,0.1799
1,3,95,0.1797
1,3,96,0.1816
1,3,97,0.18
1,3,98,0.1831
1,3,99,0.1886
1,3,100,0.1844
1,3,101,0.1826
1,3,102,0.1812
1,3,103,0.1832
1,3,104,0.1821
1,3,105,0.1821
1,3,106,0.1825
1,3,107,0.183
1,3,108,0.1796
1,3,109,0.1909
1,3,110,0.1874
1,3,111,0.178
1,3,112,0.1824
1,3,113,0.1837
1,3,114,0.1835
1,3,115,0.184
1,3,116,0.1825
1,3,117,0.1805
1,3,118,0.1828
1,3,119,0.1836
1,3,120,0.1884
1,3,121,0.1805
1,3,122,0.1777
1,3,123,0.1834
1,3,124,0.1834
1,3,125,0.1819
1,3,126,0.1822
1,3,127,0.1827
1,3,128,0.1831
1,3,129,0.1819
1,3,130,0.1771
1,3,131,0.1887
1,3,132,0.3219
1,3,133,0.2079
1,3,134,0.1901
1,3,135,0.1886
1,3,136,0.1857
1,3,137,0.1853
1,3,138,0.1836
1,3,139,0.1833
1,3,140,0.1944
1,3,141,0.183
1,3,142,0.1844
1,3,143,0.224
1,3,144,0.2432
1,3,145,0.1903
1,3,146,0.1851
1,3,147,0.1845
1,3,148,0.1839
1,3,149,0.1801
1,3,150,0.1857
1,3,151,0.2047
1,3,152,0.1868
1,3,153,0.1893
1,3,154,0.1807
1,3,155,0.1896
1,3,156,0.188
1,3,157,0.1835
1,3,158,0.1828
1,3,159,0.1828
1,3,160,0.1831
1,3,161,0.1918
1,3,162,0.1815
1,3,163,0.1833
1,3,164,0.1832
1,3,165,0.1819
1,3,166,0.1827
1,3,167,0.1823
1,3,168,0.1823
1,3,169,0.1817
1,3,170,0.1811
1,3,171,0.1831
1,3,172,0.1904
1,3,173,0.1809
1,3,174,0.1771
1,3,175,0.1816
1,3,176,0.1833
1,3,177,0.1834
1,3,178,0.183
1,3,179,0.1825
1,3,180,0.1813
1,3,181,0.1818
1,3,182,0.1793
1,3,183,0.1891
1,3,184,0.1843
1,3,185,0.1838
1,3,186,0.1812
1,3,187,0.18
1,3,188,0.1825
1,3,189,0.1797
1,3,190,0.1823
1,3,191,0.1838
1,3,192,0.1833
1,3,193,0.1814
1,3,194,0.1902
1,3,195,0.1852
1,3,196,0.1818
1,3,197,0.1814
1,3,198,0.1816
1,3,199,0.1809
1,3,200,0.1836
1,4,0,0.2006
1,4,1,0.1903
1,4,2,0.1813
1,4,3,0.1869
1,4,4,0.1842
1,4,5,0.189
1,4,6,0.1839
1,4,7,0.1853
1,4,8,0.1813
1,4,9,0.1831
1,4,10,0.1829
1,4,11,0.1823
1,4,12,0.1784
1,4,13,0.181
1,4,14,0.1824
1,4,15,0.1834
1,4,16,0.1907
1,4,17,0.1828
1,4,18,0.2507
1,4,19,0.222
1,4,20,0.189
1,4,21,0.1866
1,4,22,0.2962
1,4,23,0.2089
1,4,24,0.1937
1,4,25,0.203
1,4,26,0.1903
1,4,27,0.1872
1,4,28,0.1824
1,4,29,0.1827
1,4,30,0.1812
1,4,31,0.1948
1,4,32,0.1841
1,4,33,0.1798
1,4,34,0.182
1,4,35,0.1806
1,4,36,0.1836
1,4,37,0.1777
1,4,38,0.1893
1,4,39,0.182
1,4,40,0.1824
1,4,41,0.1806
1,4,42,0.191
1,4,43,0.1841
1,4,44,0.1796
1,4,45,0.1788
1,4,46,0.1769
1,4,47,0.1859
1,4,48,0.1833
1,4,49,0.1825
1,4,50,0.182
1,4,51,0.182
1,4,52,0.1829
1,4,53,0.1905
1,4,54,0.1803
1,4,55,0.1825
1,4,56,0.182
1,4,57,0.1789
1,4,58,0.1813
1,4,59,0.1817
1,4,60,0.1801
1,4,61,0.1812
1,4,62,0.1806
1,4,63,0.1833
1,4,64,0.1887
1,4,65,0.1844
1,4,66,0.1791
1,4,67,0.1813
1,4,68,0.1818
1,4,69,0.1816
1,4,70,0.1829
1,4,71,0.1818
1,4,72,0.1812
1,4,73,0.1825
1,4,74,0.1892
1,4,75,0.1874
1,4,76,0.182
1,4,77,0.181
1,4,78,0.1819
1,4,79,0.1848
1,4,80,0.1835
1,4,81,0.1827
1,4,82,0.1826
1,4,83,0.1793
1,4,84,0.1814
1,4,85,0.1869
1,4,86,0.1783
1,4,87,0.1797
1,4,88,0.181
1,4,89,0.1807
1,4,90,0.1805
1,4,91,0.1813
1,4,92,0.2075
1,4,93,0.185
1,4,94,0.1827
1,4,95,0.183
1,4,96,0.1923
1,4,97,0.1866
1,4,98,0.1823
1,4,99,0.1832
1,4,100,0.1829
1,4,101,0.1791
1,4,102,0.1849
1,4,103,0.3121
1,4,104,0.1951
1,4,105,0.227
1,4,106,0.2087
1,4,107,0.1855
1,4,108,0.1846
1,4,109,0.1832
1,4,110,0.2412
1,4,111,0.2863
1,4,112,0.2083
1,4,113,0.1931
1,4,114,0.1855
1,4,115,0.1861
1,4,116,0.1847
1,4,117,0.1844
1,4,118,0.1801
1,4,119,0.1917
1,4,120,0.1867
1,4,121,0.1836
1,4,122,0.182
1,4,123,0.1824
1,4,124,0.1822
1,4,125,0.1805
1,4,126,0.1826
1,4,127,0.1797
1,4,128,0.1834
1,4,129,0.1826
1,4,130,0.188
1,4,131,0.1835
1,4,132,0.1811
1,4,133,0.1815
1,4,134,0.1826
1,4,135,0.1811
1,4,136,0.1791
1,4,137,0.1829
1,4,138,0.183
1,4,139,0.1791
1,4,140,0.1833
1,4,141,0.1874
1,4,142,0.1881
1,4,143,0.1833
1,4,144,0.1834
1,4,145,0.1809
1,4,146,0.1838
1,4,147,0.1818
1,4,148,0.183
1,4,149,0.1807
1,4,150,0.1797
1,4,151,0.1801
1,4,152,0.1894
1,4,153,0.1823
1,4,154,0.1824
1,4,155,0.1816
1,4,156,0.1804
1,4,157,0.1826
1,4,158,0.1811
1,4,159,0.179
1,4,160,0.1788
1,4,161,0.1804
1,4,162,0.1811
1,4,163,0.1929
1,4,164,0.1833
1,4,165,0.1848
1,4,166,0.1758
1,4,167,0.1818
1,4,168,0.1816
1,4,169,0.1822
1,4,170,0.1837
1,4,171,0.181
1,4,172,0.1829
1,4,173,0.1786
1,4,174,0.1908
1,4,175,0.1842
1,4,176,0.1757
1,4,177,0.1798
1,4,178,0.1832
1,4,179,0.1829
1,4,180,0.1827
1,4,181,0.1793
1,4,182,0.1786
1,4,183,0.182
1,4,184,0.1836
1,4,185,0.1955
1,4,186,0.1828
1,4,187,0.1803
1,4,188,0.1796
1,4,189,0.1777
1,4,190,0.1811
1,4,191,0.182
1,4,192,0.2486
1,4,193,0.2326
1,4,194,0.1886
1,4,195,0.1876
1,4,196,0.1821
1,4,197,0.184
1,4,198,0.1841
1,4,199,0.1847
1,4,200,0.1847
1,5,0,0.2018
1,5,1,0.1909
1,5,2,0.1886
1,5,3,0.1862
1,5,4,0.185
1,5,5,0.1865
1,5,6,0.1852
1,5,7,0.1837
1,5,8,0.1829
1,5,9,0.1903
1,5,10,0.1826
1,5,11,0.183
1,5,12,0.1837
1,5,13,0.1774
1,5,14,0.1824
1,5,15,0.1838
1,5,16,0.1814
1,5,17,0.1822
1,5,18,0.186
1,5,19,0.1821
1,5,20,0.1899
1,5,21,0.181
1,5,22,0.1833
1,5,23,0.1817
1,5,24,0.1771
1,5,25,0.1822
1,5,26,0.1821
1,5,27,0.1808
1,5,28,0.1832
1,5,29,0.1814
1,5,30,0.1829
1,5,31,0.1904
1,5,32,0.1866
1,5,33,0.183
1,5,34,0.1767
1,5,35,0.1818
1,5,36,0.1814
1,5,37,0.1854
1,5,38,0.1798
1,5,39,0.1824
1,5,40,0.1817
1,5,41,0.1792
1,5,42,0.1867
1,5,43,0.1843
1,5,44,0.1813
1,5,45,0.1836
1,5,46,0.1818
1,5,47,0.1829
1,5,48,0.1825
1,5,49,0.1818
1,5,50,0.1836
1,5,51,0.1797
1,5,52,0.1832
1,5,53,0.1875
1,5,54,0.1851
1,5,55,0.1807
1,5,56,0.1807
1,5,57,0.1825
1,5,58,0.181
1,5,59,0.1799
1,5,60,0.1834
1,5,61,0.183
1,5,62,0.184
1,5,63,0.185
1,5,64,0.1991
1,5,65,0.1874
1,5,66,0.185
1,5,67,0.1824
1,5,68,0.1853
1,5,69,0.183
1,5,70,0.1837
1,5,71,0.1801
1,5,72,0.1827
1,5,73,0.1819
1,5,74,0.3649
1,5,75,0.3004
1,5,76,0.1956
1,5,77,0.1871
1,5,78,0.1804
1,5,79,0.1814
1,5,80,0.1811
1,5,81,0.1815
1,5,82,0.1945
1,5,83,0.1859
1,5,84,0.1841
1,5,85,0.1821
1,5,86,0.184
1,5,87,0.1802
1,5,88,0.1802
1,5,89,0.1837
1,5,90,0.1824
1,5,91,0.1831
1,5,92,0.1816
1,5,93,0.1898
1,5,94,0.1836
1,5,95,0.183
1,5,96,0.1863
1,5,97,0.1805
1,5,98,0.1833
1,5,99,0.1837
1,5,100,0.1866
1,5,101,0.1826
1,5,102,0.1821
1,5,103,0.1821
1,5,104,0.191
1,5,105,0.1852
1,5,106,0.1808
1,5,107,0.1823
1,5,108,0.1988
1,5,109,0.1829
1,5,110,0.1773
1,5,111,0.1825
1,5,112,0.1804
1,5,113,0.1809
1,5,114,0.1825
1,5,115,0.1874
1,5,116,0.1838
1,5,117,0.1827
1,5,118,0.1823
1,5,119,0.1834
1,5,120,0.1821
1,5,121,0.1836
1,5,122,0.1816
1,5,123,0.1816
1,5,124,0.1839
1,5,125,0.1827
1,5,126,0.1916
1,5,127,0.1832
1,5,128,0.1941
1,5,129,0.186
1,5,130,0.1844
1,5,131,0.1808
1,5,132,0.1846
1,5,133,0.1839
1,5,134,0.1803
1,5,135,0.1768
1,5,136,0.1978
1,5,137,0.1841
1,5,138,0.1839
1,5,139,0.183
1,5,140,0.1767
1,5,141,0.1804
1,5,142,0.1801
1,5,143,0.1777
1,5,144,0.1813
1,5,145,0.1795
1,5,146,0.1802
1,5,147,0.191
1,5,148,0.1848
1,5,149,0.1799
1,5,150,0.1774
1,5,151,0.1803
1,5,152,0.1797
1,5,153,0.1767
1,5,154,0.1798
1,5,155,0.1772
1,5,156,0.1778
1,5,157,0.1808
1,5,158,0.187
1,5,159,0.2872
1,5,160,0.2186
1,5,161,0.1885
1,5,162,0.1805
1,5,163,0.1854
1,5,164,0.1864
1,5,165,0.1841
1,5,166,0.1779
1,5,167,0.1827
1,5,168,0.1941
1,5,169,0.1809
1,5,170,0.1799
1,5,171,0.1813
1,5,172,0.1814
1,5,173,0.1779
1,5,174,0.179
1,5,175,0.1785
1,5,176,0.1803
1,5,177,0.1787
1,5,178,0.1806
1,5,179,0.1872
1,5,180,0.1824
1,5,181,0.1815
1,5,182,0.1804
1,5,183,0.1799
1,5,184,0.1817
1,5,185,0.1809
1,5,186,0.1806
1,5,187,0.1749
1,5,188,0.1813
1,5,189,0.1805
1,5,190,0.1892
1,5,191,0.1814
1,5,192,0.1801
1,5,193,0.1791
1,5,194,0.1815
1,5,195,0.1812
1,5,196,0.1814
1,5,197,0.1784
1,5,198,0.1809
1,5,199,0.1793
1,5,200,0.1764
1,6,0,0.1958
1,6,1,0.1868
1,6,2,0.1816
1,6,3,0.1834
1,6,4,0.183
1,6,5,0.1792
1,6,6,0.1738
1,6,7,0.1828
1,6,8,0.1816
1,6,9,0.1804
1,6,10,0.1739
1,6,11,0.1878
1,6,12,0.1793
1,6,13,0.1779
1,6,14,0.1802
1,6,15,0.1798
1,6,16,0.1794
1,6,17,0.1807
1,6,18,0.1802
1,6,19,0.1795
1,6,20,0.1806
1,6,21,0.1916
1,6,22,0.1866
1,6,23,0.1816
1,6,24,0.1799
1,6,25,0.18
1,6,26,0.1801
1,6,27,0.181
1,6,28,0.1811
1,6,29,0.1759
1,6,30,0.1809
1,6,31,0.1814
1,6,32,0.18
1,6,33,0.1896
1,6,34,0.1877
1,6,35,0.2717
1,6,36,0.1901
1,6,37,0.1844
1,6,38,0.1769
1,6,39,0.1816
1,6,40,0.1787
1,6,41,0.1805
1,6,42,0.1783
1,6,43,0.2051
1,6,44,0.1858
1,6,45,0.1825
1,6,46,0.1836
1,6,47,0.183
1,6,48,0.1892
1,6,49,0.18
1,6,50,0.1847
1,6,51,0.1823
1,6,52,0.1817
1,6,53,0.1816
1,6,54,0.189
1,6,55,0.1802
1,6,56,0.1784
1,6,57,0.1773
1,6,58,0.1814
1,6,59,0.1798
1,6,60,0.1795
1,6,61,0.1792
1,6,62,0.1801
1,6,63,0.1816
1,6,64,0.1787
1,6,65,0.1852
1,6,66,0.1813
1,6,67,0.1794
1,6,68,0.1795
1,6,69,0.1807
1,6,70,0.1806
1,6,71,0.1804
1,6,72,0.1804
1,6,73,0.1805
1,6,74,0.1797
1,6,75,0.1789
1,6,76,0.1857
1,6,77,0.1796
1,6,78,0.1778
1,6,79,0.181
1,6,80,0.1806
1,6,81,0.1804
1,6,82,0.18
1,6,83,0.1803
1,6,84,0.1777
1,6,85,0.1749
1,6,86,0.1779
1,6,87,0.19
1,6,88,0.1779
1,6,89,0.1797
1,6,90,0.1765
1,6,91,0.1814
1,6,92,0.1779
1,6,93,0.1784
1,6,94,0.1775
1,6,95,0.1811
1,6,96,0.1799
1,6,97,0.1794
1,6,98,0.185
1,6,99,0.1786
1,6,100,0.1775
1,6,101,0.1792
1,6,102,0.1776
1,6,103,0.1778
1,6,104,0.1804
1,6,105,0.1782
1,6,106,0.1775
1,6,107,0.1768
1,6,108,0.1806
1,6,109,0.1938
1,6,110,0.1836
1,6,111,0.1838
1,6,112,0.1786
1,6,113,0.1772
1,6,114,0.181
1,6,115,0.1803
1,6,116,0.1802
1,6,117,0.1808
1,6,118,0.175
1,6,119,0.1813
1,6,120,0.1884
1,6,121,0.1833
1,6,122,0.1784
1,6,123,0.18
1,6,124,0.1809
1,6,125,0.1781
1,6,126,0.2656
1,6,127,0.195
1,6,128,0.1836
1,6,129,0.1817
1,6,130,0.1887
1,6,131,0.1819
1,6,132,0.1809
1,6,133,0.1827
1,6,134,0.2321
1,6,135,0.1892
1,6,136,0.1829
1,6,137,0.1815
1,6,138,0.1785
1,6,139,0.1813
1,6,140,0.1776
1,6,141,0.1907
1,6,142,0.1822
1,6,143,0.1805
1,6,144,0.1806
1,6,145,0.1807
1,6,146,0.1807
1,6,147,0.2152
1,6,148,0.1849
1,6,149,0.1814
1,6,150,0.1789
1,6,151,0.1794
1,6,152,0.1857
1,6,153,0.1853
1,6,154,0.1817
1,6,155,0.1808
1,6,156,0.1799
1,6,157,0.1799
1,6,158,0.1795
1,6,159,0.181
1,6,160,0.1785
1,6,161,0.1764
1,6,162,0.1799
1,6,163,0.1862
1,6,164,0.1813
1,6,165,0.1811
1,6,166,0.1802
1,6,167,0.1811
1,6,168,0.1798
1,6,169,0.1788
1,6,170,0.1736
1,6,171,0.1814
1,6,172,0.1772
1,6,173,0.1804
1,6,174,0.1882
1,6,175,0.1836
1,6,176,0.1783
1,6,177,0.1793
1,6,178,0.1837
1,6,179,0.179
1,6,180,0.1827
1,6,181,0.1794
1,6,182,0.1796
1,6,183,0.1786
1,6,184,0.1778
1,6,185,0.189
1,6,186,0.1817
1,6,187,0.1811
1,6,188,0.1803
1,6,189,0.1745
1,6,190,0.1806
1,6,191,0.1805
1,6,192,0.1788
1,6,193,0.1811
1,6,194,0.1803
1,6,195,0.1811
1,6,196,0.1925
1,6,197,0.1835
1,6,198,0.1811
1,6,199,0.1807
1,6,200,0.1803
1,7,0,0.1943
1,7,1,0.1865
1,7,2,0.1832
1,7,3,0.2874
1,7,4,0.1925
1,7,5,0.1842
1,7,6,0.1817
1,7,7,0.1806
1,7,8,0.1825
1,7,9,0.1813
1,7,10,0.1819
1,7,11,0.1872
1,7,12,0.1831
1,7,13,0.1787
1,7,14,0.1811
1,7,15,0.1783
1,7,16,0.1845
1,7,17,0.2007
1,7,18,0.1852
1,7,19,0.1785
1,7,20,0.1813
1,7,21,0.171
1,7,22,0.1926
1,7,23,0.1826
1,7,24,0.1801
1,7,25,0.178
1,7,26,0.1787
1,7,27,0.1808
1,7,28,0.1809
1,7,29,0.1799
1,7,30,0.1781
1,7,31,0.1801
1,7,32,0.1794
1,7,33,0.187
1,7,34,0.1804
1,7,35,0.1787
1,7,36,0.1814
1,7,37,0.1805
1,7,38,0.1773
1,7,39,0.1784
1,7,40,0.1812
1,7,41,0.1805
1,7,42,0.1808
1,7,43,0.1778
1,7,44,0.188
1,7,45,0.1816
1,7,46,0.1796
1,7,47,0.1836
1,7,48,0.1781
1,7,49,0.1808
1,7,50,0.1811
1,7,51,0.1809
1,7,52,0.1815
1,7,53,0.181
1,7,54,0.18
1,7,55,0.1849
1,7,56,0.1798
1,7,57,0.1808
1,7,58,0.181
1,7,59,0.1783
1,7,60,0.1803
1,7,61,0.1771
1,7,62,0.1798
1,7,63,0.1775
1,7,64,0.1807
1,7,65,0.1775
1,7,66,0.1863
1,7,67,0.1804
1,7,68,0.1801
1,7,69,0.1797
1,7,70,0.1793
1,7,71,0.1802
1,7,72,0.1792
1,7,73,0.1804
1,7,74,0.1778
1,7,75,0.1776
1,7,76,0.1751
1,7,77,0.1866
1,7,78,0.1792
1,7,79,0.1828
1,7,80,0.1784
1,7,81,0.1798
1,7,82,0.1802
1,7,83,0.1789
1,7,84,0.1811
1,7,85,0.1728
1,7,86,0.1799
1,7,87,0.1793
1,7,88,0.1869
1,7,89,0.1883
1,7,90,0.1815
1,7,91,0.1802
1,7,92,0.1802
1,7,93,0.1803
1,7,94,0.1795
1,7,95,0.1777
1,7,96,0.1802
1,7,97,0.177
1,7,98,0.1797
1,7,99,0.4258
1,7,100,0.2788
1,7,101,0.1941
1,7,102,0.1891
1,7,103,0.2099
1,7,104,0.178
1,7,105,0.1815
1,7,106,0.1817
1,7,107,0.189
1,7,108,0.1788
1,7,109,0.1797
1,7,110,0.1824
1,7,111,0.1826
1,7,112,0.1802
1,7,113,0.1789
1,7,114,0.1805
1,7,115,0.1803
1,7,116,0.1849
1,7,117,0.1787
1,7,118,0.1862
1,7,119,0.1808
1,7,120,0.18
1,7,121,0.1799
1,7,122,0.1814
1,7,123,0.1799
1,7,124,0.1803
1,7,125,0.1796
1,7,126,0.1808
1,7,127,0.1779
1,7,128,0.1799
1,7,129,0.1811
1,7,130,0.1809
1,7,131,0.18
1,7,132,0.1809
1,7,133,0.1754
1,7,134,0.1805
1,7,135,0.1813
1,7,136,0.1809
1,7,137,0.1809
1,7,138,0.1776
1,7,139,0.1749
1,7,140,0.1886
1,7,141,0.1785
1,7,142,0.1807
1,7,143,0.1812
1,7,144,0.1807
1,7,145,0.1807
1,7,146,0.1809
1,7,147,0.1808
1,7,148,0.1789
1,7,149,0.1801
1,7,150,0.1775
1,7,151,0.1825
1,7,152,0.1791
1,7,153,0.1797
1,7,154,0.1812
1,7,155,0.1777
1,7,156,0.18
1,7,157,0.1778
1,7,158,0.1812
1,7,159,0.1774
1,7,160,0.1806
1,7,161,0.1793
1,7,162,0.1851
1,7,163,0.1791
1,7,164,0.1791
1,7,165,0.1795
1,7,166,0.1777
1,7,167,0.1777
1,7,168,0.1815
1,7,169,0.1797
1,7,170,0.1783
1,7,171,0.1801
1,7,172,0.1807
1,7,173,0.1904
1,7,174,0.1856
1,7,175,0.1808
1,7,176,0.1801
1,7,177,0.181
1,7,178,0.1796
1,7,179,0.1835
1,7,180,0.1795
1,7,181,0.1809
1,7,182,0.1809
1,7,183,0.181
1,7,184,0.1881
1,7,185,0.1797
1,7,186,0.181
1,7,187,0.181
1,7,188,0.1789
1,7,189,0.1804
1,7,190,0.182
1,7,191,0.1817
1,7,192,0.1808
1,7,193,0.1785
1,7,194,0.1814
1,7,195,0.1889
1,7,196,0.1826
1,7,197,0.1807
1,7,198,0.1827
1,7,199,0.1812
1,7,200,0.2971
1,8,0,0.2104
1,8,1,0.1889
1,8,2,0.1851
1,8,3,0.1785
1,8,4,0.1799
1,8,5,0.1896
1,8,6,0.1801
1,8,7,0.1797
1,8,8,0.1815
1,8,9,0.18
1,8,10,0.1806
1,8,11,0.1791
1,8,12,0.1799
1,8,13,0.1791
1,8,14,0.1798
1,8,15,0.1818
1,8,16,0.1891
1,8,17,0.1787
1,8,18,0.1773
1,8,19,0.181
1,8,20,0.1704
1,8,21,0.1793
1,8,22,0.1773
1,8,23,0.1791
1,8,24,0.1794
1,8,25,0.1801
1,8,26,0.1907
1,8,27,0.1973
1,8,28,0.1817
1,8,29,0.1816
1,8,30,0.1811
1,8,31,0.1791
1,8,32,0.1827
1,8,33,0.1829
1,8,34,0.1868
1,8,35,0.1811
1,8,36,0.1822
1,8,37,0.1805
1,8,38,0.1857
1,8,39,0.1816
1,8,40,0.1784
1,8,41,0.1795
1,8,42,0.1766
1,8,43,0.1788
1,8,44,0.1762
1,8,45,0.179
1,8,46,0.1763
1,8,47,0.1763
1,8,48,0.1792
1,8,49,0.1805
1,8,50,0.1789
1,8,51,0.1801
1,8,52,0.1782
1,8,53,0.1804
1,8,54,0.174
1,8,55,0.1757
1,8,56,0.1802
1,8,57,0.1771
1,8,58,0.1764
1,8,59,0.1761
1,8,60,0.1873
1,8,61,0.1806
1,8,62,0.1804
1,8,63,0.1799
1,8,64,0.1788
1,8,65,0.1772
1,8,66,0.1797
1,8,67,0.1799
1,8,68,0.1788
1,8,69,0.1828
1,8,70,0.1795
1,8,71,0.186
1,8,72,0.1802
1,8,73,0.1787
1,8,74,0.1798
1,8,75,0.1787
1,8,76,0.1799
1,8,77,0.1802
1,8,78,0.1806
1,8,79,0.1817
1,8,80,0.181
1,8,81,0.1768
1,8,82,0.2439
1,8,83,0.2341
1,8,84,0.1852
1,8,85,0.1822
1,8,86,0.1839
1,8,87,0.1811
1,8,88,0.1824
1,8,89,0.1816
1,8,90,0.1781
1,8,91,0.1891
1,8,92,0.1816
1,8,93,0.1801
1,8,94,0.1791
1,8,95,0.1764
1,8,96,0.1798
1,8,97,0.1796
1,8,98,0.1769
1,8,99,0.1785
1,8,100,0.1813
1,8,101,0.1798
1,8,102,0.1851
1,8,103,0.1806
1,8,104,0.1801
1,8,105,0.1806
1,8,106,0.1767
1,8,107,0.1806
1,8,108,0.1778
1,8,109,0.1798
1,8,110,0.1788
1,8,111,0.1784
1,8,112,0.1786
1,8,113,0.1867
1,8,114,0.1819
1,8,115,0.1776
1,8,116,0.1799
1,8,117,0.179
1,8,118,0.1803
1,8,119,0.1767
1,8,120,0.1774
1,8,121,0.1701
1,8,122,0.1799
1,8,123,0.1798
1,8,124,0.1875
1,8,125,0.1795
1,8,126,0.1808
1,8,127,0.179
1,8,128,0.1803
1,8,129,0.1802
1,8,130,0.1765
1,8,131,0.1764
1,8,132,0.182
1,8,133,0.1794
1,8,134,0.1798
1,8,135,0.1874
1,8,136,0.1744
1,8,137,0.1794
1,8,138,0.1792
1,8,139,0.1804
1,8,140,0.1805
1,8,141,0.1948
1,8,142,0.182
1,8,143,0.1809
1,8,144,0.1811
1,8,145,0.1809
1,8,146,0.1825
1,8,147,0.182
1,8,148,0.1803
1,8,149,0.1812
1,8,150,0.1789
1,8,151,0.1804
1,8,152,0.1812
1,8,153,0.1809
1,8,154,0.1827
1,8,155,0.1783
1,8,156,0.1785
1,8,157,0.1938
1,8,158,0.1789
1,8,159,0.1788
1,8,160,0.1765
1,8,161,0.1816
1,8,162,0.181
1,8,163,0.1813
1,8,164,0.184
1,8,165,0.1818
1,8,166,0.1788
1,8,167,0.1781
1,8,168,0.2674
1,8,169,0.1943
1,8,170,0.1996
1,8,171,0.1857
1,8,172,0.1851
1,8,173,0.1833
1,8,174,0.2879
1,8,175,0.2534
1,8,176,0.1969
1,8,177,0.1883
1,8,178,0.1882
1,8,179,0.1837
1,8,180,0.184
1,8,181,0.1979
1,8,182,0.1844
1,8,183,0.1884
1,8,184,0.1811
1,8,185,0.1791
1,8,186,0.1814
1,8,187,0.1819
1,8,188,0.1789
1,8,189,0.1807
1,8,190,0.1816
1,8,191,0.1813
1,8,192,0.1785
1,8,193,0.1786
1,8,194,0.1888
1,8,195,0.1822
1,8,196,0.1849
1,8,197,0.1833
1,8,198,0.1781
1,8,199,0.1789
1,8,200,0.1804
1,9,0,0.1872
1,9,1,0.184
1,9,2,0.1784
1,9,3,0.1888
1,9,4,0.182
1,9,5,0.1813
1,9,6,0.1767
1,9,7,0.1806
1,9,8,0.1776
1,9,9,0.1804
1,9,10,0.179
1,9,11,0.1776
1,9,12,0.1807
1,9,13,0.1791
1,9,14,0.1885
1,9,15,0.1791
1,9,16,0.1791
1,9,17,0.177
1,9,18,0.1772
1,9,19,0.1797
1,9,20,0.1805
1,9,21,0.2058
1,9,22,0.1809
1,9,23,0.1808
1,9,24,0.1801
1,9,25,0.1908
1,9,26,0.182
1,9,27,0.1778
1,9,28,0.1776
1,9,29,0.177
1,9,30,0.1799
1,9,31,0.1799
1,9,32,0.1816
1,9,33,0.1807
1,9,34,0.1768
1,9,35,0.1763
1,9,36,0.1853
1,9,37,0.18
1,9,38,0.1796
1,9,39,0.1739
1,9,40,0.1791
1,9,41,0.1768
1,9,42,0.1807
1,9,43,0.1791
1,9,44,0.1805
1,9,45,0.1793
1,9,46,0.1789
1,9,47,0.1902
1,9,48,0.2887
1,9,49,0.1999
1,9,50,0.1856
1,9,51,0.181
1,9,52,0.1802
1,9,53,0.1801
1,9,54,0.1788
1,9,55,0.1794
1,9,56,0.1808
1,9,57,0.1902
1,9,58,0.1789
1,9,59,0.1787
1,9,60,0.1795
1,9,61,0.2024
1,9,62,0.2015
1,9,63,0.1837
1,9,64,0.1793
1,9,65,0.1785
1,9,66,0.1827
1,9,67,0.1937
1,9,68,0.2036
1,9,69,0.1797
1,9,70,0.1814
1,9,71,0.1799
1,9,72,0.1811
1,9,73,0.18
1,9,74,0.1733
1,9,75,0.1806
1,9,76,0.1798
1,9,77,0.1788
1,9,78,0.1841
1,9,79,0.1857
1,9,80,0.183
1,9,81,0.1775
1,9,82,0.1789
1,9,83,0.1799
1,9,84,0.18
1,9,85,0.1798
1,9,86,0.1789
1,9,87,0.1794
1,9,88,0.176
1,9,89,0.1818
1,9,90,0.1873
1,9,91,0.1814
1,9,92,0.1805
1,9,93,0.1786
1,9,94,0.1796
1,9,95,0.1781
1,9,96,0.1752
1,9,97,0.1806
1,9,98,0.1723
1,9,99,0.1799
1,9,100,0.179
1,9,101,0.1871
1,9,102,0.1779
1,9,103,0.177
1,9,104,0.1796
1,9,105,0.1766
1,9,106,0.1803
1,9,107,0.1791
1,9,108,0.18
1,9,109,0.1801
1,9,110,0.1795
1,9,111,0.1774
1,9,112,0.1887
1,9,113,0.1827
1,9,114,0.1799
1,9,115,0.179
1,9,116,0.1798
1,9,117,0.1817
1,9,118,0.1785
1,9,119,0.1802
1,9,120,0.177
1,9,121,0.1838
1,9,122,0.1753
1,9,123,0.1855
1,9,124,0.179
1,9,125,0.1785
1,9,126,0.1806
1,9,127,0.1782
1,9,128,0.1802
1,9,129,0.1788
1,9,130,0.177
1,9,131,0.1809
1,9,132,0.1805
1,9,133,0.1799
1,9,134,0.1924
1,9,135,0.1772
1,9,136,0.1787
1,9,137,0.1784
1,9,138,0.1804
1,9,139,0.1775
1,9,140,0.1813
1,9,141,0.1782
1,9,142,0.178
1,9,143,0.1777
1,9,144,0.1786
1,9,145,0.1878
1,9,146,0.1802
1,9,147,0.1805
1,9,148,0.1792
1,9,149,0.1797
1,9,150,0.1796
1,9,151,0.303
1,9,152,0.2565
1,9,153,0.2247
1,9,154,0.1854
1,9,155,0.1846
1,9,156,0.1821
1,9,157,0.1796
1,9,158,0.1806
1,9,159,0.1808
1,9,160,0.1795
1,9,161,0.1821
1,9,162,0.1894
1,9,163,0.1779
1,9,164,0.1775
1,9,165,0.1804
1,9,166,0.1805
1,9,167,0.1801
1,9,168,0.1802
1,9,169,0.1778
1,9,170,0.179
1,9,171,0.1779
1,9,172,0.1793
1,9,173,0.1872
1,9,174,0.1807
1,9,175,0.1803
1,9,176,0.1802
1,9,177,0.1803
1,9,178,0.177
1,9,179,0.1792
1,9,180,0.1782
1,9,181,0.1772
1,9,182,0.179
1,9,183,0.1804
1,9,184,0.1904
1,9,185,0.208
1,9,186,0.1807
1,9,187,0.1808
1,9,188,0.179
1,9,189,0.1738
1,9,190,0.1802
1,9,191,0.1797
1,9,192,0.1701
1,9,193,0.1807
1,9,194,0.1799
1,9,195,0.1938
1,9,196,0.1833
1,9,197,0.18
1,9,198,0.1774
1,9,199,0.1806
1,9,200,0.1791
1,10,0,0.1864
1,10,1,0.1825
1,10,2,0.1817
1,10,3,0.183
1,10,4,0.1811
1,10,5,0.1907
1,10,6,0.1757
1,10,7,0.1796
1,10,8,0.1808
1,10,9,0.1805
1,10,10,0.1768
1,10,11,0.1809
1,10,12,0.1768
1,10,13,0.1803
1,10,14,0.1781
1,10,15,0.1732
1,10,16,0.1852
1,10,17,0.18
1,10,18,0.1811
1,10,19,0.1807
1,10,20,0.1741
1,10,21,0.1802
1,10,22,0.1792
1,10,23,0.1765
1,10,24,0.1803
1,10,25,0.179
1,10,26,0.1791
1,10,27,0.1873
1,10,28,0.1803
1,10,29,0.1804
1,10,30,0.1783
1,10,31,0.1784
1,10,32,0.1799
1,10,33,0.1754
1,10,34,0.1799
1,10,35,0.1802
1,10,36,0.2652
1,10,37,0.1982
1,10,38,0.1827
1,10,39,0.1819
1,10,40,0.1802
1,10,41,0.211
1,10,42,0.1878
1,10,43,0.183
1,10,44,0.1798
1,10,45,0.1847
1,10,46,0.1815
1,10,47,0.1807
1,10,48,2.0649
1,10,49,0.2188
1,10,50,0.1892
1,10,51,0.1833
1,10,52,0.1812
1,10,53,0.1796
1,10,54,0.1771
1,10,55,0.182
1,10,56,0.1824
1,10,57,0.1805
1,10,58,0.1806
1,10,59,0.1875
1,10,60,0.1776
1,10,61,0.1783
1,10,62,0.1812
1,10,63,0.1787
1,10,64,0.1818
1,10,65,0.1815
1,10,66,0.1786
1,10,67,0.1816
1,10,68,0.1796
1,10,69,0.1886
1,10,70,0.1889
1,10,71,0.1824
1,10,72,0.1816
1,10,73,0.181
1,10,74,0.1805
1,10,75,0.1799
1,10,76,0.1853
1,10,77,0.1796
1,10,78,0.1819
1,10,79,0.1817
1,10,80,0.1792
1,10,81,0.1831
1,10,82,0.1816
1,10,83,0.1807
1,10,84,0.1818
1,10,85,0.1788
1,10,86,0.1805
1,10,87,0.1805
1,10,88,0.1812
1,10,89,0.1784
1,10,90,0.1808
1,10,91,0.1783
1,10,92,0.1881
1,10,93,0.1807
1,10,94,0.1813
1,10,95,0.1814
1,10,96,0.182
1,10,97,0.1815
1,10,98,0.1811
1,10,99,0.181
1,10,100,0.1835
1,10,101,0.1751
1,10,102,0.1783
1,10,103,0.1925
1,10,104,0.1839
1,10,105,0.1819
1,10,106,0.1796
1,10,107,0.1803
1,10,108,0.1822
1,10,109,0.1801
1,10,110,0.18
1,10,111,0.3127
1,10,112,0.3063
1,10,113,0.315
1,10,114,0.3154
1,10,115,0.3013
1,10,116,0.28
1,10,117,0.2859
1,10,118,0.2817
1,10,119,0.2945
1,10,120,0.3848
1,10,121,0.3451
1,10,122,0.2184
1,10,123,0.1832
1,10,124,0.1898
1,10,125,0.1838
1,10,126,0.1814
1,10,127,0.1803
1,10,128,0.1806
1,10,129,0.1792
1,10,130,0.1831
1,10,131,0.1938
1,10,132,0.1878
1,10,133,0.1812
1,10,134,0.1823
1,10,135,0.1911
1,10,136,0.1811
1,10,137,0.1811
1,10,138,0.1823
1,10,139,0.1889
1,10,140,0.1867
1,10,141,0.1825
1,10,142,0.1828
1,10,143,0.1828
1,10,144,0.1805
1,10,145,0.1806
1,10,146,0.1896
1,10,147,0.1799
1,10,148,0.1819
1,10,149,0.1812
1,10,150,0.1788
1,10,151,0.1805
1,10,152,0.1818
1,10,153,0.1795
1,10,154,0.1814
1,10,155,0.1756
1,10,156,0.182
1,10,157,0.1832
1,10,158,0.1837
1,10,159,0.1803
1,10,160,0.1813
1,10,161,0.1784
1,10,162,0.1789
1,10,163,0.1786
1,10,164,0.1839
1,10,165,0.1813
1,10,166,0.1814
1,10,167,0.1824
1,10,168,0.1884
1,10,169,0.1834
1,10,170,0.1808
1,10,171,0.1816
1,10,172,0.1831
1,10,173,0.1789
1,10,174,0.1814
1,10,175,0.1776
1,10,176,0.1781
1,10,177,0.1779
1,10,178,0.1817
1,10,179,0.1886
1,10,180,0.1809
1,10,181,0.1762
1,10,182,0.181
1,10,183,0.1816
1,10,184,0.1805
1,10,185,0.1799
1,10,186,0.1799
1,10,187,0.1808
1,10,188,0.1778
1,10,189,0.1786
1,10,190,0.1893
1,10,191,0.3248
1,10,192,0.195
1,10,193,0.186
1,10,194,0.184
1,10,195,0.1829
1,10,196,0.1824
1,10,197,0.1818
1,10,198,0.1824
1,10,199,0.1892
1,10,200,0.1835
2,1,0,0.2389
2,1,1,0.1966
2,1,2,0.1925
2,1,3,0.1885
2,1,4,0.1879
2,1,5,0.1977
2,1,6,0.1881
2,1,7,0.1869
2,1,8,0.1875
2,1,9,0.1897
2,1,10,0.8501
2,1,11,0.2192
2,1,12,0.2253
2,1,13,0.2105
2,1,14,0.1881
2,1,15,0.1857
2,1,16,0.1854
2,1,17,0.1925
2,1,18,0.1911
2,1,19,0.1953
2,1,20,0.1847
2,1,21,0.1811
2,1,22,0.1807
2,1,23,0.1806
2,1,24,0.1805
2,1,25,0.1811
2,1,26,0.1814
2,1,27,0.1804
2,1,28,0.176
2,1,29,0.1784
2,1,30,0.1858
2,1,31,0.1806
2,1,32,0.1764
2,1,33,0.1771
2,1,34,0.1757
2,1,35,0.1856
2,1,36,0.1758
2,1,37,0.1762
2,1,38,0.1777
2,1,39,0.1789
2,1,40,0.178
2,1,41,0.1822
2,1,42,0.1734
2,1,43,0.1784
2,1,44,0.1777
2,1,45,0.1779
2,1,46,0.1785
2,1,47,0.1757
2,1,48,0.1783
2,1,49,0.1785
2,1,50,0.1725
2,1,51,0.1776
2,1,52,0.1824
2,1,53,0.1811
2,1,54,0.1787
2,1,55,0.1785
2,1,56,0.1789
2,1,57,0.1774
2,1,58,0.1771
2,1,59,0.1778
2,1,60,0.1766
2,1,61,0.1773
2,1,62,0.1765
2,1,63,0.1781
2,1,64,0.1858
2,1,65,0.179
2,1,66,0.1777
2,1,67,0.179
2,1,68,0.1772
2,1,69,0.1773
2,1,70,0.1742
2,1,71,0.1767
2,1,72,0.1778
2,1,73,0.1773
2,1,74,0.1765
2,1,75,0.1806
2,1,76,0.1784
2,1,77,0.1777
2,1,78,0.1782
2,1,79,0.1783
2,1,80,0.1772
2,1,81,0.1772
2,1,82,0.1771
2,1,83,0.1788
2,1,84,0.1779
2,1,85,0.1705
2,1,86,0.1884
2,1,87,0.1814
2,1,88,0.1786
2,1,89,0.1781
2,1,90,0.1783
2,1,91,0.1775
2,1,92,0.2504
2,1,93,0.2147
2,1,94,0.19
2,1,95,0.2604
2,1,96,0.1965
2,1,97,0.1996
2,1,98,0.1854
2,1,99,0.1828
2,1,100,0.1848
2,1,101,0.1797
2,1,102,0.1792
2,1,103,0.1785
2,1,104,0.1771
2,1,105,0.1757
2,1,106,0.1773
2,1,107,0.175
2,1,108,0.1776
2,1,109,0.1779
2,1,110,0.1767
2,1,111,0.177
2,1,112,0.1862
2,1,113,0.1776
2,1,114,0.177
2,1,115,0.177
2,1,116,0.1755
2,1,117,0.1781
2,1,118,0.177
2,1,119,0.1772
2,1,120,0.1741
2,1,121,0.178
2,1,122,0.1746
2,1,123,0.1841
2,1,124,0.1773
2,1,125,0.1744
2,1,126,0.1722
2,1,127,0.1748
2,1,128,0.1742
2,1,129,0.1752
2,1,130,0.1833
2,1,131,0.1774
2,1,132,0.1798
2,1,133,0.1778
2,1,134,0.1825
2,1,135,0.1799
2,1,136,0.1758
2,1,137,0.175
2,1,138,0.1767
2,1,139,0.1774
2,1,140,0.1712
2,1,141,0.1713
2,1,142,0.1744
2,1,143,0.1699
2,1,144,0.1746
2,1,145,0.1844
2,1,146,0.1789
2,1,147,0.1779
2,1,148,0.1774
2,1,149,0.178
2,1,150,0.1782
2,1,151,0.1743
2,1,152,0.1771
2,1,153,0.1752
2,1,154,0.1741
2,1,155,0.1755
2,1,156,0.1765
2,1,157,0.1849
2,1,158,0.1776
2,1,159,0.1779
2,1,160,0.1749
2,1,161,0.1781
2,1,162,0.1771
2,1,163,0.1796
2,1,164,0.1789
2,1,165,0.1786
2,1,166,0.179
2,1,167,0.1793
2,1,168,0.1909
2,1,169,0.1818
2,1,170,0.1794
2,1,171,0.1783
2,1,172,0.1758
2,1,173,0.1791
2,1,174,0.1787
2,1,175,0.178
2,1,176,0.1792
2,1,177,0.1793
2,1,178,0.1791
2,1,179,0.1834
2,1,180,0.1774
2,1,181,0.1785
2,1,182,0.178
2,1,183,0.1779
2,1,184,0.3308
2,1,185,0.2107
2,1,186,0.2037
2,1,187,0.2635
2,1,188,0.1873
2,1,189,0.1854
2,1,190,0.1823
2,1,191,0.1816
2,1,192,0.1926
2,1,193,0.1808
2,1,194,0.1859
2,1,195,0.1811
2,1,196,0.1801
2,1,197,0.1792
2,1,198,0.1793
2,1,199,0.1793
2,1,200,0.1797
2,2,0,0.196
2,2,1,0.1806
2,2,2,0.1803
2,2,3,0.1796
2,2,4,0.1766
2,2,5,0.1784
2,2,6,0.1775
2,2,7,0.1764
2,2,8,0.1778
2,2,9,0.1776
2,2,10,0.1778
2,2,11,0.1835
2,2,12,0.1804
2,2,13,0.1792
2,2,14,0.1793
2,2,15,0.1801
2,2,16,0.1782
2,2,17,0.1731
2,2,18,0.1758
2,2,19,0.1772
2,2,20,0.1769
2,2,21,0.1776
2,2,22,0.1764
2,2,23,0.1865
2,2,24,0.178
2,2,25,0.1781
2,2,26,0.1786
2,2,27,0.1778
2,2,28,0.1749
2,2,29,0.1785
2,2,30,0.1757
2,2,31,0.1785
2,2,32,0.1785
2,2,33,0.178
2,2,34,0.1836
2,2,35,0.1769
2,2,36,0.1795
2,2,37,0.1733
2,2,38,0.1775
2,2,39,0.177
2,2,40,0.1754
2,2,41,0.1787
2,2,42,0.1723
2,2,43,0.181
2,2,44,0.179
2,2,45,0.1846
2,2,46,0.1791
2,2,47,0.1793
2,2,48,0.1777
2,2,49,0.176
2,2,50,0.1786
2,2,51,0.1747
2,2,52,0.1775
2,2,53,0.1777
2,2,54,0.1817
2,2,55,0.1789
2,2,56,0.1867
2,2,57,0.18
2,2,58,0.1777
2,2,59,0.1781
2,2,60,0.1748
2,2,61,0.1782
2,2,62,0.1774
2,2,63,0.2894
2,2,64,0.1999
2,2,65,0.198
2,2,66,0.196
2,2,67,0.1756
2,2,68,0.1808
2,2,69,0.1791
2,2,70,0.1794
2,2,71,0.1788
2,2,72,0.1897
2,2,73,0.1761
2,2,74,0.1794
2,2,75,0.1764
2,2,76,0.1763
2,2,77,0.1825
2,2,78,0.2029
2,2,79,0.182
2,2,80,0.2072
2,2,81,0.1829
2,2,82,0.1914
2,2,83,0.1888
2,2,84,0.2201
2,2,85,0.1863
2,2,86,0.2449
2,2,87,0.1913
2,2,88,0.1897
2,2,89,0.2014
2,2,90,0.2012
2,2,91,0.2042
2,2,92,0.1938
2,2,93,0.1797
2,2,94,0.1809
2,2,95,0.1801
2,2,96,0.1775
2,2,97,0.1776
2,2,98,0.1782
2,2,99,0.1788
2,2,100,0.1716
2,2,101,0.1928
2,2,102,0.1788
2,2,103,0.185
2,2,104,0.1788
2,2,105,0.1754
2,2,106,0.1786
2,2,107,0.1838
2,2,108,0.1774
2,2,109,0.1779
2,2,110,0.1763
2,2,111,0.1774
2,2,112,0.1787
2,2,113,0.1745
2,2,114,0.191
2,2,115,0.1823
2,2,116,0.1794
2,2,117,0.1791
2,2,118,0.1905
2,2,119,0.1823
2,2,120,0.1836
2,2,121,0.1794
2,2,122,0.187
2,2,123,0.182
2,2,124,0.1907
2,2,125,0.1876
2,2,126,0.1805
2,2,127,0.1715
2,2,128,0.1797
2,2,129,0.1773
2,2,130,0.1792
2,2,131,0.1931
2,2,132,0.2276
2,2,133,0.183
2,2,134,0.1825
2,2,135,0.1781
2,2,136,0.1908
2,2,137,0.1912
2,2,138,0.1817
2,2,139,0.1765
2,2,140,0.1759
2,2,141,0.1759
2,2,142,0.176
2,2,143,0.1762
2,2,144,0.1868
2,2,145,0.3142
2,2,146,0.2054
2,2,147,0.1882
2,2,148,0.1976
2,2,149,0.1871
2,2,150,0.2086
2,2,151,0.1799
2,2,152,0.1867
2,2,153,0.196
2,2,154,0.1825
2,2,155,0.1761
2,2,156,0.1794
2,2,157,0.179
2,2,158,0.1772
2,2,159,0.174
2,2,160,0.18
2,2,161,0.1776
2,2,162,0.1794
2,2,163,0.2135
2,2,164,0.1954
2,2,165,0.1815
2,2,166,0.1836
2,2,167,0.1803
2,2,168,0.1799
2,2,169,0.1821
2,2,170,0.1812
2,2,171,0.1849
2,2,172,0.1782
2,2,173,0.1785
2,2,174,0.1813
2,2,175,0.1898
2,2,176,0.1809
2,2,177,0.1811
2,2,178,0.177
2,2,179,0.1778
2,2,180,0.179
2,2,181,0.1784
2,2,182,0.1912
2,2,183,0.1865
2,2,184,0.1825
2,2,185,0.1815
2,2,186,0.1843
2,2,187,0.1792
2,2,188,0.1801
2,2,189,0.1799
2,2,190,0.1887
2,2,191,0.183
2,2,192,0.1811
2,2,193,0.1809
2,2,194,0.178
2,2,195,0.1766
2,2,196,0.1895
2,2,197,0.1827
2,2,198,0.1804
2,2,199,0.1788
2,2,200,0.1801
2,3,0,0.2013
2,3,1,0.195
2,3,2,0.1835
2,3,3,0.1838
2,3,4,0.1817
2,3,5,0.1801
2,3,6,0.1818
2,3,7,0.175
2,3,8,0.1758
2,3,9,0.1805
2,3,10,0.1795
2,3,11,0.1774
2,3,12,0.1894
2,3,13,0.1822
2,3,14,0.1835
2,3,15,0.1823
2,3,16,0.1816
2,3,17,0.1791
2,3,18,0.179
2,3,19,0.1807
2,3,20,0.1799
2,3,21,0.1791
2,3,22,0.1795
2,3,23,0.3448
2,3,24,0.2109
2,3,25,0.1916
2,3,26,0.1858
2,3,27,0.1838
2,3,28,0.1825
2,3,29,0.1807
2,3,30,0.1801
2,3,31,0.1927
2,3,32,0.1814
2,3,33,0.1813
2,3,34,0.1816
2,3,35,0.1797
2,3,36,0.1796
2,3,37,0.1809
2,3,38,0.1784
2,3,39,0.1777
2,3,40,0.1862
2,3,41,0.1967
2,3,42,0.1924
2,3,43,0.1815
2,3,44,0.179
2,3,45,0.1769
2,3,46,0.2208
2,3,47,0.1874
2,3,48,0.1791
2,3,49,0.1801
2,3,50,0.1768
2,3,51,0.1759
2,3,52,0.181
2,3,53,0.1883
2,3,54,0.1781
2,3,55,0.1804
2,3,56,0.1798
2,3,57,0.1787
2,3,58,0.1791
2,3,59,0.19
2,3,60,0.1825
2,3,61,0.1804
2,3,62,0.1798
2,3,63,0.1807
2,3,64,0.237
2,3,65,0.2926
2,3,66,0.1928
2,3,67,0.1858
2,3,68,0.2338
2,3,69,0.1922
2,3,70,0.1849
2,3,71,0.1911
2,3,72,0.1904
2,3,73,0.1817
2,3,74,0.1803
2,3,75,0.18
2,3,76,0.1766
2,3,77,0.1898
2,3,78,0.184
2,3,79,0.1825
2,3,80,0.1789
2,3,81,0.1796
2,3,82,0.1859
2,3,83,0.2126
2,3,84,0.2842
2,3,85,0.2259
2,3,86,0.1975
2,3,87,0.3772
2,3,88,0.3395
2,3,89,0.3752
2,3,90,0.3684
2,3,91,0.372
2,3,92,0.341
2,3,93,0.2751
2,3,94,0.1936
2,3,95,0.2138
2,3,96,0.184
2,3,97,0.1806
2,3,98,0.2811
2,3,99,0.3513
2,3,100,0.3394
2,3,101,0.3451
2,3,102,0.3457
2,3,103,0.3539
2,3,104,0.3643
2,3,105,0.3378
2,3,106,0.3421
2,3,107,0.3346
2,3,108,0.3549
2,3,109,0.3509
2,3,110,0.3466
2,3,111,0.3385
2,3,112,0.3466
2,3,113,0.3145
2,3,114,0.1978
2,3,115,0.1867
2,3,116,0.1813
2,3,117,0.181
2,3,118,0.1817
2,3,119,0.1968
2,3,120,0.1837
2,3,121,0.1803
2,3,122,0.1797
2,3,123,0.18
2,3,124,0.1901
2,3,125,0.1819
2,3,126,0.1799
2,3,127,0.1766
2,3,128,0.179
2,3,129,0.1783
2,3,130,0.1792
2,3,131,0.1786
2,3,132,0.1778
2,3,133,0.1796
2,3,134,0.1773
2,3,135,0.1811
2,3,136,0.181
2,3,137,0.1792
2,3,138,0.1764
2,3,139,0.1771
2,3,140,0.1743
2,3,141,0.1843
2,3,142,0.1804
2,3,143,0.1782
2,3,144,0.177
2,3,145,0.1807
2,3,146,0.1875
2,3,147,0.1814
2,3,148,0.1757
2,3,149,0.1798
2,3,150,0.1809
2,3,151,0.1771
2,3,152,0.1775
2,3,153,0.1759
2,3,154,0.1795
2,3,155,0.1791
2,3,156,0.1951
2,3,157,0.1903
2,3,158,0.1809
2,3,159,0.1788
2,3,160,0.1806
2,3,161,0.1796
2,3,162,0.1956
2,3,163,0.1788
2,3,164,0.1796
2,3,165,0.1773
2,3,166,0.1804
2,3,167,0.1833
2,3,168,0.1896
2,3,169,0.1807
2,3,170,0.1817
2,3,171,0.1798
2,3,172,0.1811
2,3,173,0.1826
2,3,174,0.1789
2,3,175,0.1798
2,3,176,0.1781
2,3,177,0.1791
2,3,178,0.1793
2,3,179,0.1885
2,3,180,0.1786
2,3,181,0.1799
2,3,182,0.181
2,3,183,0.1805
2,3,184,0.1791
2,3,185,0.1803
2,3,186,0.1793
2,3,187,0.1777
2,3,188,0.18
2,3,189,0.1802
2,3,190,0.1878
2,3,191,0.1816
2,3,192,0.1775
2,3,193,0.176
2,3,194,0.1806
2,3,195,0.1783
2,3,196,0.18
2,3,197,0.1785
2,3,198,0.1786
2,3,199,0.1762
2,3,200,0.1763
2,4,0,0.2726
2,4,1,0.1953
2,4,2,0.1843
2,4,3,0.183
2,4,4,0.1845
2,4,5,0.1808
2,4,6,0.1768
2,4,7,0.1817
2,4,8,0.1802
2,4,9,0.1945
2,4,10,0.1844
2,4,11,0.1891
2,4,12,0.181
2,4,13,0.1781
2,4,14,0.1801
2,4,15,0.1911
2,4,16,0.1831
2,4,17,0.1796
2,4,18,0.1777
2,4,19,0.1796
2,4,20,0.1798
2,4,21,0.1829
2,4,22,0.1838
2,4,23,0.1818
2,4,24,0.1724
2,4,25,0.1793
2,4,26,0.1789
2,4,27,0.18
2,4,28,0.1947
2,4,29,0.1816
2,4,30,0.181
2,4,31,0.1799
2,4,32,0.1798
2,4,33,0.1828
2,4,34,0.1923
2,4,35,0.1802
2,4,36,0.1799
2,4,37,0.1772
2,4,38,0.1802
2,4,39,0.1768
2,4,40,0.1789
2,4,41,0.1922
2,4,42,0.1814
2,4,43,0.1788
2,4,44,0.1934
2,4,45,0.1818
2,4,46,0.1799
2,4,47,0.1769
2,4,48,0.1924
2,4,49,0.1815
2,4,50,0.1782
2,4,51,0.1792
2,4,52,0.1786
2,4,53,0.1783
2,4,54,0.1775
2,4,55,0.1902
2,4,56,0.1828
2,4,57,0.1803
2,4,58,0.1775
2,4,59,0.1795
2,4,60,0.1787
2,4,61,0.1795
2,4,62,0.1781
2,4,63,0.1767
2,4,64,0.1907
2,4,65,0.1809
2,4,66,0.1845
2,4,67,0.186
2,4,68,0.1796
2,4,69,0.1779
2,4,70,0.1795
2,4,71,0.1786
2,4,72,0.1762
2,4,73,0.1914
2,4,74,0.1851
2,4,75,0.1771
2,4,76,0.1797
2,4,77,0.1862
2,4,78,0.3976
2,4,79,0.3503
2,4,80,0.3276
2,4,81,0.3323
2,4,82,0.3152
2,4,83,0.3277
2,4,84,0.3086
2,4,85,0.3026
2,4,86,0.3033
2,4,87,0.3043
2,4,88,0.3057
2,4,89,0.3153
2,4,90,0.3272
2,4,91,0.3223
2,4,92,0.3472
2,4,93,0.374
2,4,94,0.2328
2,4,95,0.1865
2,4,96,0.2054
2,4,97,0.1816
2,4,98,0.1815
2,4,99,0.1839
2,4,100,0.181
2,4,101,0.1798
2,4,102,0.1793
2,4,103,0.18
2,4,104,0.1786
2,4,105,0.1795
2,4,106,0.1761
2,4,107,0.1952
2,4,108,0.1829
2,4,109,0.178
2,4,110,0.1801
2,4,111,0.1805
2,4,112,0.1797
2,4,113,0.1767
2,4,114,0.1773
2,4,115,0.1798
2,4,116,0.1764
2,4,117,0.1797
2,4,118,0.1878
2,4,119,0.1758
2,4,120,0.1902
2,4,121,0.2145
2,4,122,0.1845
2,4,123,0.1806
2,4,124,0.1777
2,4,125,0.174
2,4,126,0.1778
2,4,127,0.1807
2,4,128,0.1776
2,4,129,0.185
2,4,130,0.1779
2,4,131,0.193
2,4,132,0.1909
2,4,133,0.1809
2,4,134,0.1806
2,4,135,0.1792
2,4,136,0.1801
2,4,137,0.1798
2,4,138,0.1814
2,4,139,0.1802
2,4,140,0.1906
2,4,141,0.1775
2,4,142,0.1743
2,4,143,0.1788
2,4,144,0.1777
2,4,145,0.1897
2,4,146,0.1821
2,4,147,0.1787
2,4,148,0.3085
2,4,149,0.2556
2,4,150,0.1889
2,4,151,0.1847
2,4,152,0.1827
2,4,153,0.1805
2,4,154,0.1771
2,4,155,0.1792
2,4,156,0.1865
2,4,157,0.1938
2,4,158,0.1948
2,4,159,0.1948
2,4,160,0.2361
2,4,161,0.2103
2,4,162,0.2088
2,4,163,0.2105
2,4,164,0.2377
2,4,165,0.2446
2,4,166,0.2175
2,4,167,0.1946
2,4,168,0.2096
2,4,169,0.2675
2,4,170,0.2064
2,4,171,0.1871
2,4,172,0.1954
2,4,173,0.1823
2,4,174,0.1945
2,4,175,0.2063
2,4,176,0.2175
2,4,177,0.185
2,4,178,0.1992
2,4,179,0.2115
2,4,180,0.1837
2,4,181,0.1819
2,4,182,0.1789
2,4,183,0.1933
2,4,184,0.1806
2,4,185,0.1774
2,4,186,0.1803
2,4,187,0.1772
2,4,188,0.1771
2,4,189,0.1896
2,4,190,0.179
2,4,191,0.1801
2,4,192,0.1784
2,4,193,0.1762
2,4,194,0.1935
2,4,195,0.1801
2,4,196,0.1775
2,4,197,0.1792
2,4,198,0.1792
2,4,199,0.1791
2,4,200,0.1792
2,5,0,0.2243
2,5,1,0.1966
2,5,2,0.1853
2,5,3,0.1809
2,5,4,0.1843
2,5,5,0.181
2,5,6,0.1842
2,5,7,0.1789
2,5,8,0.1777
2,5,9,0.1813
2,5,10,0.181
2,5,11,0.181
2,5,12,0.1881
2,5,13,0.1795
2,5,14,0.1814
2,5,15,0.179
2,5,16,0.1793
2,5,17,0.1809
2,5,18,0.1806
2,5,19,0.1806
2,5,20,0.1809
2,5,21,0.1805
2,5,22,0.18
2,5,23,0.1876
2,5,24,0.1768
2,5,25,0.1839
2,5,26,0.1809
2,5,27,0.1802
2,5,28,0.1795
2,5,29,0.1822
2,5,30,0.1809
2,5,31,0.1819
2,5,32,0.3265
2,5,33,0.5934
2,5,34,0.4052
2,5,35,0.3834
2,5,36,0.3542
2,5,37,0.3354
2,5,38,0.34
2,5,39,0.2633
2,5,40,0.1927
2,5,41,0.1844
2,5,42,0.2295
2,5,43,0.1956
2,5,44,0.1996
2,5,45,0.1858
2,5,46,0.1805
2,5,47,0.1782
2,5,48,0.1799
2,5,49,0.1881
2,5,50,0.1826
2,5,51,0.179
2,5,52,0.1813
2,5,53,0.1821
2,5,54,0.1775
2,5,55,0.1797
2,5,56,0.1802
2,5,57,0.1862
2,5,58,0.2108
2,5,59,0.183
2,5,60,0.2059
2,5,61,0.1861
2,5,62,0.1788
2,5,63,0.1806
2,5,64,0.1759
2,5,65,0.18
2,5,66,0.1771
2,5,67,0.1821
2,5,68,0.1815
2,5,69,0.2169
2,5,70,0.1833
2,5,71,0.1921
2,5,72,0.1815
2,5,73,0.1803
2,5,74,0.1812
2,5,75,0.1819
2,5,76,0.1802
2,5,77,0.179
2,5,78,0.1789
2,5,79,0.182
2,5,80,0.1953
2,5,81,0.1878
2,5,82,0.1946
2,5,83,0.1867
2,5,84,0.1816
2,5,85,0.1843
2,5,86,0.1834
2,5,87,0.1855
2,5,88,0.195
2,5,89,0.186
2,5,90,0.1792
2,5,91,0.1823
2,5,92,0.1945
2,5,93,0.1838
2,5,94,0.1822
2,5,95,0.1828
2,5,96,0.1838
2,5,97,0.1814
2,5,98,0.1818
2,5,99,0.1799
2,5,100,0.183
2,5,101,0.1803
2,5,102,0.1798
2,5,103,0.1886
2,5,104,0.1836
2,5,105,0.1824
2,5,106,0.3311
2,5,107,0.2948
2,5,108,0.2347
2,5,109,0.1943
2,5,110,0.1973
2,5,111,0.177
2,5,112,0.1858
2,5,113,0.3276
2,5,114,0.211
2,5,115,0.1882
2,5,116,0.1867
2,5,117,0.183
2,5,118,0.1838
2,5,119,0.1886
2,5,120,0.1891
2,5,121,0.185
2,5,122,0.1839
2,5,123,0.1797
2,5,124,0.1824
2,5,125,0.1881
2,5,126,0.1835
2,5,127,0.1793
2,5,128,0.182
2,5,129,0.1816
2,5,130,0.1881
2,5,131,0.1819
2,5,132,0.1792
2,5,133,0.1886
2,5,134,0.1806
2,5,135,0.1824
2,5,136,0.1885
2,5,137,0.1797
2,5,138,0.1778
2,5,139,0.1821
2,5,140,0.1831
2,5,141,0.1856
2,5,142,0.1824
2,5,143,0.1795
2,5,144,0.1805
2,5,145,0.1807
2,5,146,0.1818
2,5,147,0.1893
2,5,148,0.1831
2,5,149,0.1787
2,5,150,0.183
2,5,151,0.189
2,5,152,0.1955
2,5,153,0.1841
2,5,154,0.1817
2,5,155,0.1803
2,5,156,0.1809
2,5,157,0.1869
2,5,158,0.1822
2,5,159,0.1807
2,5,160,0.1801
2,5,161,0.1819
2,5,162,0.1783
2,5,163,0.1842
2,5,164,0.1783
2,5,165,0.1778
2,5,166,0.1802
2,5,167,0.1812
2,5,168,0.1873
2,5,169,0.1803
2,5,170,0.1827
2,5,171,0.1784
2,5,172,0.1807
2,5,173,0.1789
2,5,174,0.1878
2,5,175,0.1826
2,5,176,0.1788
2,5,177,0.1818
2,5,178,0.179
2,5,179,0.1831
2,5,180,0.181
2,5,181,0.1819
2,5,182,0.1787
2,5,183,0.1816
2,5,184,0.1837
2,5,185,0.1882
2,5,186,0.1814
2,5,187,0.1783
2,5,188,0.1819
2,5,189,0.1817
2,5,190,0.3084
2,5,191,0.248
2,5,192,0.1976
2,5,193,0.2969
2,5,194,0.2261
2,5,195,0.1902
2,5,196,0.1858
2,5,197,0.1854
2,5,198,0.1805
2,5,199,0.1888
2,5,200,0.2176
2,6,0,0.2447
2,6,1,0.208
2,6,2,0.1941
2,6,3,0.1855
2,6,4,0.1877
2,6,5,0.1847
2,6,6,0.1833
2,6,7,0.1849
2,6,8,0.1855
2,6,9,0.1805
2,6,10,0.1804
2,6,11,0.1813
2,6,12,0.1927
2,6,13,0.1762
2,6,14,0.1862
2,6,15,0.1841
2,6,16,0.1843
2,6,17,0.1828
2,6,18,0.1829
2,6,19,0.1832
2,6,20,0.179
2,6,21,0.1861
2,6,22,0.1886
2,6,23,0.182
2,6,24,0.1846
2,6,25,0.1815
2,6,26,0.1824
2,6,27,0.1825
2,6,28,0.1813
2,6,29,0.1808
2,6,30,0.1819
2,6,31,0.1792
2,6,32,0.182
2,6,33,0.1908
2,6,34,0.1856
2,6,35,0.1818
2,6,36,0.1827
2,6,37,0.1789
2,6,38,0.1792
2,6,39,0.1799
2,6,40,0.1834
2,6,41,0.1826
2,6,42,0.1816
2,6,43,0.1788
2,6,44,0.1875
2,6,45,0.1807
2,6,46,0.186
2,6,47,0.1829
2,6,48,0.1821
2,6,49,0.181
2,6,50,0.1792
2,6,51,0.1822
2,6,52,0.1824
2,6,53,0.1811
2,6,54,0.1818
2,6,55,0.1907
2,6,56,0.1853
2,6,57,0.1804
2,6,58,0.1872
2,6,59,0.1828
2,6,60,0.1804
2,6,61,0.1838
2,6,62,0.1832
2,6,63,0.1837
2,6,64,0.1817
2,6,65,0.1806
2,6,66,0.1862
2,6,67,0.184
2,6,68,0.1826
2,6,69,0.1834
2,6,70,0.1772
2,6,71,0.1828
2,6,72,0.1796
2,6,73,0.1836
2,6,74,0.1801
2,6,75,0.1786
2,6,76,0.4647
2,6,77,0.3183
2,6,78,0.2346
2,6,79,0.2224
2,6,80,0.2345
2,6,81,0.2077
2,6,82,0.2325
2,6,83,0.202
2,6,84,0.1966
2,6,85,0.1919
2,6,86,0.1848
2,6,87,0.184
2,6,88,0.1826
2,6,89,0.1835
2,6,90,0.1823
2,6,91,0.1795
2,6,92,0.18
2,6,93,0.1807
2,6,94,0.1806
2,6,95,0.1924
2,6,96,0.1805
2,6,97,0.183
2,6,98,0.1805
2,6,99,0.1787
2,6,100,0.1794
2,6,101,0.1798
2,6,102,0.1802
2,6,103,0.1823
2,6,104,0.1818
2,6,105,0.1892
2,6,106,0.184
2,6,107,0.1807
2,6,108,0.1823
2,6,109,0.182
2,6,110,0.1827
2,6,111,0.1859
2,6,112,0.1826
2,6,113,0.1822
2,6,114,0.1788
2,6,115,0.1817
2,6,116,0.1893
2,6,117,0.1829
2,6,118,0.1826
2,6,119,0.1765
2,6,120,0.1818
2,6,121,0.179
2,6,122,0.181
2,6,123,0.1797
2,6,124,0.1798
2,6,125,0.1821
2,6,126,0.1815
2,6,127,0.1876
2,6,128,0.183
2,6,129,0.1804
2,6,130,0.1852
2,6,131,0.1814
2,6,132,0.1817
2,6,133,0.1801
2,6,134,0.1822
2,6,135,0.1807
2,6,136,0.1815
2,6,137,0.1816
2,6,138,0.1869
2,6,139,0.1835
2,6,140,0.1826
2,6,141,0.184
2,6,142,0.1815
2,6,143,0.1822
2,6,144,0.1769
2,6,145,0.1793
2,6,146,0.1799
2,6,147,0.1792
2,6,148,0.1799
2,6,149,0.1893
2,6,150,0.1832
2,6,151,0.1832
2,6,152,0.183
2,6,153,0.1823
2,6,154,0.1794
2,6,155,0.1793
2,6,156,0.1816
2,6,157,0.1821
2,6,158,0.177
2,6,159,0.1792
2,6,160,0.1944
2,6,161,0.1861
2,6,162,0.4531
2,6,163,0.2872
2,6,164,0.2598
2,6,165,0.3379
2,6,166,0.3476
2,6,167,0.3564
2,6,168,0.3466
2,6,169,0.3389
2,6,170,0.2974
2,6,171,0.3167
2,6,172,0.3396
2,6,173,0.3396
2,6,174,0.3282
2,6,175,0.3531
2,6,176,0.3303
2,6,177,0.2023
2,6,178,0.1799
2,6,179,0.1878
2,6,180,0.1831
2,6,181,0.1952
2,6,182,0.1864
2,6,183,0.1847
2,6,184,0.1839
2,6,185,0.1832
2,6,186,0.1827
2,6,187,0.1823
2,6,188,0.1821
2,6,189,0.1812
2,6,190,0.1826
2,6,191,0.1804
2,6,192,0.1935
2,6,193,0.1814
2,6,194,0.1809
2,6,195,0.1839
2,6,196,0.1844
2,6,197,0.1829
2,6,198,0.1796
2,6,199,0.1772
2,6,200,0.1835
2,7,0,0.2073
2,7,1,0.1892
2,7,2,0.1865
2,7,3,0.186
2,7,4,0.1914
2,7,5,0.1848
2,7,6,0.1924
2,7,7,0.1849
2,7,8,0.181
2,7,9,0.184
2,7,10,0.1826
2,7,11,0.1831
2,7,12,0.1819
2,7,13,0.1824
2,7,14,0.1818
2,7,15,0.1772
2,7,16,0.1834
2,7,17,0.197
2,7,18,0.1835
2,7,19,0.1751
2,7,20,0.1716
2,7,21,0.1822
2,7,22,0.1799
2,7,23,0.1819
2,7,24,0.2786
2,7,25,0.2444
2,7,26,0.31
2,7,27,0.3476
2,7,28,0.3484
2,7,29,0.3723
2,7,30,0.3205
2,7,31,0.198
2,7,32,0.1869
2,7,33,0.1858
2,7,34,0.1868
2,7,35,0.1974
2,7,36,0.1923
2,7,37,0.1841
2,7,38,0.1976
2,7,39,0.2205
2,7,40,0.1975
2,7,41,0.1928
2,7,42,0.2001
2,7,43,0.1941
2,7,44,0.1894
2,7,45,0.1828
2,7,46,0.1801
2,7,47,0.1836
2,7,48,0.1843
2,7,49,0.1927
2,7,50,0.183
2,7,51,0.1843
2,7,52,0.1833
2,7,53,0.1828
2,7,54,0.1875
2,7,55,0.1822
2,7,56,0.1839
2,7,57,0.182
2,7,58,0.1827
2,7,59,0.1798
2,7,60,0.1895
2,7,61,0.1841
2,7,62,0.1816
2,7,63,0.179
2,7,64,0.183
2,7,65,0.1801
2,7,66,0.1828
2,7,67,0.1855
2,7,68,0.1799
2,7,69,0.1826
2,7,70,0.1792
2,7,71,0.1909
2,7,72,0.1829
2,7,73,0.1832
2,7,74,0.1759
2,7,75,0.1835
2,7,76,0.1795
2,7,77,0.1792
2,7,78,0.1822
2,7,79,0.183
2,7,80,0.1789
2,7,81,0.1831
2,7,82,0.1906
2,7,83,0.1844
2,7,84,0.1824
2,7,85,0.1824
2,7,86,0.1798
2,7,87,0.1807
2,7,88,0.1764
2,7,89,0.1846
2,7,90,0.183
2,7,91,0.183
2,7,92,0.1817
2,7,93,0.1905
2,7,94,0.1829
2,7,95,0.1825
2,7,96,0.1793
2,7,97,0.1807
2,7,98,0.1829
2,7,99,0.1849
2,7,100,0.1815
2,7,101,0.1827
2,7,102,0.1809
2,7,103,0.1813
2,7,104,0.1978
2,7,105,0.182
2,7,106,0.1833
2,7,107,0.1826
2,7,108,0.1817
2,7,109,0.1827
2,7,110,0.1824
2,7,111,0.1824
2,7,112,0.1809
2,7,113,0.1817
2,7,114,0.1885
2,7,115,0.1843
2,7,116,0.1811
2,7,117,0.1805
2,7,118,0.1824
2,7,119,0.3245
2,7,120,0.3959
2,7,121,0.3865
2,7,122,0.3871
2,7,123,0.42
2,7,124,0.3208
2,7,125,0.3323
2,7,126,0.3747
2,7,127,0.3547
2,7,128,0.2405
2,7,129,0.1944
2,7,130,0.1872
2,7,131,0.2004
2,7,132,0.1828
2,7,133,0.1853
2,7,134,0.1944
2,7,135,0.1855
2,7,136,0.1822
2,7,137,0.1846
2,7,138,0.1829
2,7,139,0.1842
2,7,140,0.1823
2,7,141,0.1828
2,7,142,0.196
2,7,143,0.1796
2,7,144,0.1821
2,7,145,0.1824
2,7,146,0.1817
2,7,147,0.1829
2,7,148,0.1828
2,7,149,0.1813
2,7,150,0.1812
2,7,151,0.1822
2,7,152,0.1831
2,7,153,0.1889
2,7,154,0.1817
2,7,155,0.183
2,7,156,0.1809
2,7,157,0.1832
2,7,158,0.1828
2,7,159,0.1829
2,7,160,0.1829
2,7,161,0.1804
2,7,162,0.1793
2,7,163,0.1946
2,7,164,0.1828
2,7,165,0.1832
2,7,166,0.1829
2,7,167,0.1828
2,7,168,0.1832
2,7,169,0.1838
2,7,170,0.1835
2,7,171,0.1812
2,7,172,0.1764
2,7,173,0.1814
2,7,174,0.1896
2,7,175,0.1818
2,7,176,0.1825
2,7,177,0.1805
2,7,178,0.1797
2,7,179,0.1761
2,7,180,0.1814
2,7,181,0.1852
2,7,182,0.1921
2,7,183,0.1886
2,7,184,0.1842
2,7,185,0.1878
2,7,186,0.1814
2,7,187,0.1819
2,7,188,0.1847
2,7,189,0.1856
2,7,190,0.1899
2,7,191,0.1842
2,7,192,0.1853
2,7,193,0.1848
2,7,194,0.185
2,7,195,0.1814
2,7,196,0.278
2,7,197,0.1944
2,7,198,0.2329
2,7,199,0.2959
2,7,200,0.3791
2,8,0,0.2408
2,8,1,0.1951
2,8,2,0.1873
2,8,3,0.1842
2,8,4,0.1846
2,8,5,0.179
2,8,6,0.1842
2,8,7,0.1834
2,8,8,0.1843
2,8,9,0.1831
2,8,10,0.193
2,8,11,0.1847
2,8,12,0.1828
2,8,13,0.1814
2,8,14,0.1787
2,8,15,0.1815
2,8,16,0.1834
2,8,17,0.1824
2,8,18,0.183
2,8,19,0.1815
2,8,20,0.1834
2,8,21,0.1915
2,8,22,0.1834
2,8,23,0.182
2,8,24,0.1834
2,8,25,0.1877
2,8,26,0.1826
2,8,27,0.1806
2,8,28,0.1786
2,8,29,0.1757
2,8,30,0.1828
2,8,31,0.1833
2,8,32,0.1873
2,8,33,0.1804
2,8,34,0.1827
2,8,35,0.1833
2,8,36,0.1826
2,8,37,0.1815
2,8,38,0.179
2,8,39,0.1823
2,8,40,0.1827
2,8,41,0.1824
2,8,42,0.1822
2,8,43,0.1856
2,8,44,0.2096
2,8,45,0.1836
2,8,46,0.1806
2,8,47,0.1793
2,8,48,0.1806
2,8,49,0.1823
2,8,50,0.1789
2,8,51,0.1828
2,8,52,0.1835
2,8,53,0.1884
2,8,54,0.1814
2,8,55,0.1804
2,8,56,0.1825
2,8,57,0.1822
2,8,58,0.1829
2,8,59,0.1823
2,8,60,0.1816
2,8,61,0.1817
2,8,62,0.1823
2,8,63,0.1813
2,8,64,0.1911
2,8,65,0.1868
2,8,66,0.1813
2,8,67,0.1807
2,8,68,0.1822
2,8,69,0.1765
2,8,70,0.179
2,8,71,0.2477
2,8,72,0.1953
2,8,73,0.1864
2,8,74,0.1831
2,8,75,0.1842
2,8,76,0.1847
2,8,77,0.1792
2,8,78,0.1818
2,8,79,0.1826
2,8,80,0.193
2,8,81,0.1836
2,8,82,0.1818
2,8,83,0.1809
2,8,84,0.182
2,8,85,0.1767
2,8,86,0.1814
2,8,87,0.1808
2,8,88,0.1804
2,8,89,0.1859
2,8,90,0.1824
2,8,91,0.1907
2,8,92,0.1806
2,8,93,0.1794
2,8,94,0.1822
2,8,95,0.1789
2,8,96,0.1786
2,8,97,0.1787
2,8,98,0.1791
2,8,99,0.1794
2,8,100,0.1727
2,8,101,0.1823
2,8,102,0.1889
2,8,103,0.1825
2,8,104,0.1842
2,8,105,0.1826
2,8,106,0.1834
2,8,107,0.1813
2,8,108,0.1855
2,8,109,0.1837
2,8,110,0.1829
2,8,111,0.1837
2,8,112,0.1841
2,8,113,0.191
2,8,114,0.1835
2,8,115,0.1843
2,8,116,0.1881
2,8,117,0.1814
2,8,118,0.1769
2,8,119,0.1845
2,8,120,0.189
2,8,121,0.1817
2,8,122,0.1831
2,8,123,0.1903
2,8,124,0.1851
2,8,125,0.181
2,8,126,0.1831
2,8,127,0.1845
2,8,128,0.1817
2,8,129,0.1845
2,8,130,0.1845
2,8,131,0.1817
2,8,132,0.1844
2,8,133,0.1827
2,8,134,0.1905
2,8,135,0.1866
2,8,136,0.1832
2,8,137,0.1842
2,8,138,0.1791
2,8,139,0.1826
2,8,140,0.1814
2,8,141,0.1837
2,8,142,0.1826
2,8,143,0.1833
2,8,144,0.183
2,8,145,0.1918
2,8,146,0.1855
2,8,147,0.1847
2,8,148,0.185
2,8,149,0.1842
2,8,150,0.1838
2,8,151,0.1783
2,8,152,0.1849
2,8,153,0.1847
2,8,154,0.1839
2,8,155,0.183
2,8,156,0.1969
2,8,157,0.1865
2,8,158,0.1858
2,8,159,0.1856
2,8,160,0.1853
2,8,161,0.1841
2,8,162,0.1814
2,8,163,0.1839
2,8,164,0.1851
2,8,165,0.1866
2,8,166,0.1846
2,8,167,0.1933
2,8,168,0.1854
2,8,169,0.1846
2,8,170,0.1845
2,8,171,0.1886
2,8,172,0.4355
2,8,173,0.2674
2,8,174,0.2132
2,8,175,0.1883
2,8,176,0.2037
2,8,177,0.2815
2,8,178,0.3433
2,8,179,0.2175
2,8,180,0.2192
2,8,181,0.1917
2,8,182,0.1889
2,8,183,0.2111
2,8,184,0.1933
2,8,185,0.1979
2,8,186,0.1914
2,8,187,0.1814
2,8,188,0.2025
2,8,189,0.1926
2,8,190,0.1871
2,8,191,0.2034
2,8,192,0.1807
2,8,193,0.1855
2,8,194,0.2005
2,8,195,0.1874
2,8,196,0.201
2,8,197,0.1871
2,8,198,0.1817
2,8,199,0.2202
2,8,200,0.1884
2,9,0,0.2136
2,9,1,0.1917
2,9,2,0.1918
2,9,3,0.1972
2,9,4,0.1868
2,9,5,0.2028
2,9,6,0.1865
2,9,7,0.1823
2,9,8,0.2086
2,9,9,0.189
2,9,10,0.1848
2,9,11,0.2027
2,9,12,0.1878
2,9,13,0.1982
2,9,14,0.1864
2,9,15,0.1872
2,9,16,0.2041
2,9,17,0.1863
2,9,18,0.1906
2,9,19,0.2043
2,9,20,0.1873
2,9,21,0.1978
2,9,22,0.1925
2,9,23,0.1837
2,9,24,0.2003
2,9,25,0.1878
2,9,26,0.1854
2,9,27,0.2006
2,9,28,0.186
2,9,29,0.1915
2,9,30,0.2037
2,9,31,0.1822
2,9,32,0.1964
2,9,33,0.187
2,9,34,0.1825
2,9,35,0.1853
2,9,36,0.1826
2,9,37,0.1825
2,9,38,0.191
2,9,39,0.1962
2,9,40,0.1866
2,9,41,0.1836
2,9,42,0.1821
2,9,43,0.4137
2,9,44,0.5019
2,9,45,0.2417
2,9,46,0.2048
2,9,47,0.1917
2,9,48,0.1884
2,9,49,0.1873
2,9,50,0.2306
2,9,51,0.1939
2,9,52,0.1985
2,9,53,0.1885
2,9,54,0.3051
2,9,55,0.3403
2,9,56,0.3427
2,9,57,0.3636
2,9,58,0.3905
2,9,59,0.2504
2,9,60,0.196
2,9,61,0.1884
2,9,62,0.2074
2,9,63,0.1893
2,9,64,0.2066
2,9,65,0.1839
2,9,66,0.1855
2,9,67,0.1813
2,9,68,0.1936
2,9,69,0.1879
2,9,70,0.1851
2,9,71,0.1853
2,9,72,0.1836
2,9,73,0.1837
2,9,74,0.1838
2,9,75,0.186
2,9,76,0.1824
2,9,77,0.1846
2,9,78,0.1903
2,9,79,0.1953
2,9,80,0.1833
2,9,81,0.2181
2,9,82,0.1927
2,9,83,0.186
2,9,84,0.2022
2,9,85,0.1903
2,9,86,0.1852
2,9,87,0.1825
2,9,88,0.1844
2,9,89,0.183
2,9,90,0.2025
2,9,91,0.1834
2,9,92,0.1853
2,9,93,0.1846
2,9,94,0.1792
2,9,95,0.185
2,9,96,0.1826
2,9,97,0.1832
2,9,98,0.1834
2,9,99,0.1841
2,9,100,0.1897
2,9,101,0.182
2,9,102,0.184
2,9,103,0.1837
2,9,104,0.1808
2,9,105,0.1815
2,9,106,0.1805
2,9,107,0.1814
2,9,108,0.183
2,9,109,0.1819
2,9,110,0.1876
2,9,111,0.1902
2,9,112,0.2062
2,9,113,0.1812
2,9,114,0.1831
2,9,115,0.1805
2,9,116,0.183
2,9,117,0.181
2,9,118,0.1826
2,9,119,0.1818
2,9,120,0.1802
2,9,121,0.1833
2,9,122,0.1911
2,9,123,0.1846
2,9,124,0.1835
2,9,125,0.1826
2,9,126,0.1835
2,9,127,0.1828
2,9,128,0.1802
2,9,129,0.1806
2,9,130,0.1826
2,9,131,0.1809
2,9,132,0.1824
2,9,133,0.3883
2,9,134,0.5009
2,9,135,0.3714
2,9,136,0.3176
2,9,137,0.2964
2,9,138,0.2155
2,9,139,0.1922
2,9,140,0.2111
2,9,141,0.1846
2,9,142,0.1934
2,9,143,0.1866
2,9,144,0.2016
2,9,145,0.1874
2,9,146,0.1837
2,9,147,0.1827
2,9,148,0.1821
2,9,149,0.1872
2,9,150,0.1817
2,9,151,0.1841
2,9,152,0.1829
2,9,153,0.1831
2,9,154,0.1917
2,9,155,0.1861
2,9,156,0.1843
2,9,157,0.1839
2,9,158,0.1873
2,9,159,0.1841
2,9,160,0.183
2,9,161,0.1796
2,9,162,0.178
2,9,163,0.1841
2,9,164,0.1839
2,9,165,0.1914
2,9,166,0.1841
2,9,167,0.1809
2,9,168,0.1835
2,9,169,0.1821
2,9,170,0.1836
2,9,171,0.1795
2,9,172,0.1841
2,9,173,0.1831
2,9,174,0.1851
2,9,175,0.1811
2,9,176,0.1917
2,9,177,0.1841
2,9,178,0.1778
2,9,179,0.1799
2,9,180,0.1836
2,9,181,0.183
2,9,182,0.1833
2,9,183,0.1807
2,9,184,0.1762
2,9,185,0.1829
2,9,186,0.18
2,9,187,0.1898
2,9,188,0.1849
2,9,189,0.1818
2,9,190,0.1832
2,9,191,0.1833
2,9,192,0.1825
2,9,193,0.1803
2,9,194,0.1831
2,9,195,0.1821
2,9,196,0.1842
2,9,197,0.1843
2,9,198,0.1902
2,9,199,0.183
2,9,200,0.1845
2,10,0,0.1889
2,10,1,0.1852
2,10,2,0.185
2,10,3,0.1864
2,10,4,0.1817
2,10,5,0.1809
2,10,6,0.1831
2,10,7,0.1887
2,10,8,0.1854
2,10,9,0.2584
2,10,10,0.3524
2,10,11,0.3533
2,10,12,0.2808
2,10,13,0.195
2,10,14,0.2868
2,10,15,0.2756
2,10,16,0.1994
2,10,17,0.1917
2,10,18,0.1878
2,10,19,0.1869
2,10,20,0.1957
2,10,21,0.1862
2,10,22,0.1821
2,10,23,0.1896
2,10,24,0.1834
2,10,25,0.1905
2,10,26,0.1856
2,10,27,0.1811
2,10,28,0.1797
2,10,29,0.1825
2,10,30,0.1821
2,10,31,0.1893
2,10,32,0.182
2,10,33,0.1814
2,10,34,0.1903
2,10,35,0.1907
2,10,36,0.1935
2,10,37,0.1817
2,10,38,0.1841
2,10,39,0.1824
2,10,40,0.1827
2,10,41,0.1893
2,10,42,0.1851
2,10,43,0.1834
2,10,44,0.1802
2,10,45,0.1916
2,10,46,0.1805
2,10,47,0.1868
2,10,48,0.1842
2,10,49,0.1802
2,10,50,0.1837
2,10,51,0.1841
2,10,52,0.1859
2,10,53,0.1838
2,10,54,0.1793
2,10,55,0.192
2,10,56,0.1855
2,10,57,0.1891
2,10,58,0.1848
2,10,59,0.1783
2,10,60,0.1793
2,10,61,0.183
2,10,62,0.1816
2,10,63,0.1913
2,10,64,0.1809
2,10,65,0.1793
2,10,66,0.1898
2,10,67,0.188
2,10,68,0.1913
2,10,69,0.1851
2,10,70,0.1821
2,10,71,0.1826
2,10,72,0.1887
2,10,73,0.1807
2,10,74,0.1887
2,10,75,0.1838
2,10,76,0.1818
2,10,77,0.1882
2,10,78,0.1756
2,10,79,0.1886
2,10,80,0.1834
2,10,81,0.1827
2,10,82,0.1832
2,10,83,0.1906
2,10,84,0.1923
2,10,85,0.1843
2,10,86,0.1818
2,10,87,0.1822
2,10,88,0.1899
2,10,89,0.1832
2,10,90,0.1902
2,10,91,0.1913
2,10,92,0.2123
2,10,93,0.1867
2,10,94,0.1854
2,10,95,0.1926
2,10,96,0.1833
2,10,97,0.188
2,10,98,0.2219
2,10,99,0.186
2,10,100,0.5506
2,10,101,0.3085
2,10,102,0.2823
2,10,103,0.2059
2,10,104,0.1889
2,10,105,0.1844
2,10,106,0.1832
2,10,107,0.1818
2,10,108,0.1949
2,10,109,0.185
2,10,110,0.1814
2,10,111,0.1812
2,10,112,0.1923
2,10,113,0.2424
2,10,114,0.1879
2,10,115,0.1835
2,10,116,0.1829
2,10,117,0.1811
2,10,118,0.1933
2,10,119,0.179
2,10,120,0.1814
2,10,121,0.1798
2,10,122,0.1911
2,10,123,0.1808
2,10,124,0.1891
2,10,125,0.1832
2,10,126,0.1807
2,10,127,0.1785
2,10,128,0.1779
2,10,129,0.1896
2,10,130,0.1853
2,10,131,0.1822
2,10,132,0.1794
2,10,133,0.1859
2,10,134,0.182
2,10,135,0.1883
2,10,136,0.1854
2,10,137,0.1803
2,10,138,0.1775
2,10,139,0.1781
2,10,140,0.1906
2,10,141,0.1824
2,10,142,0.178
2,10,143,0.1805
2,10,144,0.1868
2,10,145,0.2005
2,10,146,0.1972
2,10,147,0.1827
2,10,148,0.1817
2,10,149,0.1796
2,10,150,0.1813
2,10,151,0.1798
2,10,152,0.1793
2,10,153,0.1815
2,10,154,0.1801
2,10,155,0.1879
2,10,156,0.1813
2,10,157,0.1777
2,10,158,0.1802
2,10,159,0.1811
2,10,160,0.1755
2,10,161,0.181
2,10,162,0.1838
2,10,163,0.182
2,10,164,0.1794
2,10,165,0.1784
2,10,166,0.1848
2,10,167,0.1817
2,10,168,0.1785
2,10,169,0.1804
2,10,170,0.178
2,10,171,0.1796
2,10,172,0.1772
2,10,173,0.182
2,10,174,0.1803
2,10,175,0.1795
2,10,176,0.1813
2,10,177,0.1849
2,10,178,0.1792
2,10,179,0.1804
2,10,180,0.1814
2,10,181,0.1806
2,10,182,0.1748
2,10,183,0.1791
2,10,184,0.1792
2,10,185,0.1807
2,10,186,0.1798
2,10,187,0.1802
2,10,188,0.1951
2,10,189,0.1815
2,10,190,0.1805
2,10,191,0.1701
2,10,192,0.1798
2,10,193,0.1748
2,10,194,0.1844
2,10,195,0.1823
2,10,196,0.1805
2,10,197,0.1811
2,10,198,0.1816
2,10,199,0.1846
2,10,200,0.1832
3,1,0,0.2404
3,1,1,0.1943
3,1,2,0.1874
3,1,3,0.1952
3,1,4,0.1841
3,1,5,0.18
3,1,6,0.1793
3,1,7,0.1897
3,1,8,0.1818
3,1,9,0.1802
3,1,10,0.1843
3,1,11,0.1811
3,1,12,0.1776
3,1,13,0.1792
3,1,14,0.179
3,1,15,0.1795
3,1,16,0.179
3,1,17,0.1826
3,1,18,0.1895
3,1,19,0.1802
3,1,20,0.1781
3,1,21,0.1792
3,1,22,0.1784
3,1,23,0.1718
3,1,24,0.1843
3,1,25,0.1797
3,1,26,0.1761
3,1,27,0.1785
3,1,28,0.1766
3,1,29,0.1835
3,1,30,0.1776
3,1,31,0.1796
3,1,32,0.1746
3,1,33,0.2809
3,1,34,0.2001
3,1,35,0.189
3,1,36,0.1841
3,1,37,0.1828
3,1,38,0.1817
3,1,39,0.1805
3,1,40,0.1777
3,1,41,0.1775
3,1,42,0.1906
3,1,43,0.1818
3,1,44,0.1789
3,1,45,0.1798
3,1,46,0.1798
3,1,47,0.1795
3,1,48,0.1773
3,1,49,0.1804
3,1,50,0.1799
3,1,51,0.178
3,1,52,0.1807
3,1,53,0.1853
3,1,54,0.1819
3,1,55,0.1794
3,1,56,0.1832
3,1,57,0.178
3,1,58,0.1808
3,1,59,0.18
3,1,60,0.1801
3,1,61,0.179
3,1,62,0.1794
3,1,63,0.18
3,1,64,0.1875
3,1,65,0.178
3,1,66,0.1794
3,1,67,0.1802
3,1,68,0.1804
3,1,69,0.1802
3,1,70,0.1822
3,1,71,0.1784
3,1,72,0.1799
3,1,73,0.1792
3,1,74,0.1752
3,1,75,0.1861
3,1,76,0.1808
3,1,77,0.1785
3,1,78,0.1761
3,1,79,0.1779
3,1,80,0.1757
3,1,81,0.179
3,1,82,0.1809
3,1,83,0.1781
3,1,84,0.1802
3,1,85,0.1768
3,1,86,0.183
3,1,87,0.1771
3,1,88,0.1807
3,1,89,0.1786
3,1,90,0.1761
3,1,91,0.1797
3,1,92,0.178
3,1,93,0.1755
3,1,94,0.1717
3,1,95,0.1794
3,1,96,0.1778
3,1,97,0.1824
3,1,98,0.1769
3,1,99,0.1768
3,1,100,0.1786
3,1,101,0.1768
3,1,102,0.1782
3,1,103,0.1786
3,1,104,0.1788
3,1,105,0.1771
3,1,106,0.1786
3,1,107,0.179
3,1,108,0.1854
3,1,109,0.1793
3,1,110,0.1779
3,1,111,0.1781
3,1,112,0.178
3,1,113,0.1779
3,1,114,0.1777
3,1,115,0.177
3,1,116,0.1787
3,1,117,0.1754
3,1,118,0.1795
3,1,119,0.1905
3,1,120,0.3312
3,1,121,0.1992
3,1,122,0.187
3,1,123,0.1817
3,1,124,0.1778
3,1,125,0.1772
3,1,126,0.18
3,1,127,0.178
3,1,128,0.1825
3,1,129,0.181
3,1,130,0.1791
3,1,131,0.1781
3,1,132,0.1773
3,1,133,0.1754
3,1,134,0.1818
3,1,135,0.1791
3,1,136,0.1768
3,1,137,0.1775
3,1,138,0.175
3,1,139,0.1859
3,1,140,0.1792
3,1,141,0.1791
3,1,142,0.178
3,1,143,0.1784
3,1,144,0.1785
3,1,145,0.1776
3,1,146,0.1782
3,1,147,0.1761
3,1,148,0.1796
3,1,149,0.176
3,1,150,0.1749
3,1,151,0.1898
3,1,152,0.1776
3,1,153,0.1828
3,1,154,0.1785
3,1,155,0.177
3,1,156,0.1767
3,1,157,0.1769
3,1,158,0.1757
3,1,159,0.1749
3,1,160,0.1751
3,1,161,0.1746
3,1,162,0.1848
3,1,163,0.1741
3,1,164,0.1777
3,1,165,0.1776
3,1,166,0.1766
3,1,167,0.1773
3,1,168,0.1757
3,1,169,0.1778
3,1,170,0.1712
3,1,171,0.1774
3,1,172,0.1765
3,1,173,0.1828
3,1,174,0.1791
3,1,175,0.1769
3,1,176,0.1756
3,1,177,0.1778
3,1,178,0.1757
3,1,179,0.178
3,1,180,0.175
3,1,181,0.1782
3,1,182,0.1756
3,1,183,0.1776
3,1,184,0.1755
3,1,185,0.1791
3,1,186,0.179
3,1,187,0.1789
3,1,188,0.1776
3,1,189,0.1778
3,1,190,0.1769
3,1,191,0.1766
3,1,192,0.1762
3,1,193,0.1781
3,1,194,0.177
3,1,195,0.1788
3,1,196,0.1783
3,1,197,0.1758
3,1,198,0.1783
3,1,199,0.1789
3,1,200,0.1793
3,2,0,0.1865
3,2,1,0.1858
3,2,2,0.18
3,2,3,0.193
3,2,4,0.3298
3,2,5,0.2498
3,2,6,0.2112
3,2,7,0.205
3,2,8,0.1917
3,2,9,0.1855
3,2,10,0.1817
3,2,11,0.318
3,2,12,0.2867
3,2,13,0.1915
3,2,14,0.1897
3,2,15,0.1921
3,2,16,0.1853
3,2,17,0.1782
3,2,18,0.179
3,2,19,0.1792
3,2,20,0.1811
3,2,21,0.1856
3,2,22,0.1771
3,2,23,0.1802
3,2,24,0.1788
3,2,25,0.1797
3,2,26,0.1853
3,2,27,0.1814
3,2,28,0.1793
3,2,29,0.1778
3,2,30,0.1775
3,2,31,0.1782
3,2,32,0.1822
3,2,33,0.1766
3,2,34,0.1758
3,2,35,0.1799
3,2,36,0.177
3,2,37,0.1846
3,2,38,0.1766
3,2,39,0.1728
3,2,40,0.177
3,2,41,0.1782
3,2,42,0.1782
3,2,43,0.1847
3,2,44,0.1811
3,2,45,0.177
3,2,46,0.1826
3,2,47,0.1794
3,2,48,0.1834
3,2,49,0.1795
3,2,50,0.1776
3,2,51,0.1792
3,2,52,0.1761
3,2,53,0.1779
3,2,54,0.1836
3,2,55,0.1791
3,2,56,0.1785
3,2,57,0.1788
3,2,58,0.1791
3,2,59,0.1823
3,2,60,0.18
3,2,61,0.1767
3,2,62,0.1787
3,2,63,0.1785
3,2,64,0.1757
3,2,65,0.185
3,2,66,0.1767
3,2,67,0.179
3,2,68,0.1752
3,2,69,0.1785
3,2,70,0.1794
3,2,71,0.1843
3,2,72,0.177
3,2,73,0.1773
3,2,74,0.1785
3,2,75,0.1785
3,2,76,0.1845
3,2,77,0.1807
3,2,78,0.1836
3,2,79,0.1781
3,2,80,0.1767
3,2,81,0.1802
3,2,82,0.183
3,2,83,0.1781
3,2,84,0.179
3,2,85,0.179
3,2,86,0.1785
3,2,87,0.2986
3,2,88,0.1937
3,2,89,0.1844
3,2,90,0.1828
3,2,91,0.1809
3,2,92,0.1893
3,2,93,0.1831
3,2,94,0.1811
3,2,95,0.1807
3,2,96,0.1901
3,2,97,0.1883
3,2,98,0.1786
3,2,99,0.1799
3,2,100,0.1728
3,2,101,0.201
3,2,102,0.229
3,2,103,0.1873
3,2,104,0.1835
3,2,105,0.1817
3,2,106,0.1781
3,2,107,0.1987
3,2,108,0.1757
3,2,109,0.1859
3,2,110,0.1757
3,2,111,0.1811
3,2,112,0.1802
3,2,113,0.1872
3,2,114,0.18
3,2,115,0.1801
3,2,116,0.1799
3,2,117,0.1866
3,2,118,0.1862
3,2,119,0.1819
3,2,120,0.1804
3,2,121,0.1801
3,2,122,0.177
3,2,123,0.1828
3,2,124,0.1846
3,2,125,0.1784
3,2,126,0.1808
3,2,127,0.1784
3,2,128,0.1861
3,2,129,0.1873
3,2,130,0.1816
3,2,131,0.1817
3,2,132,0.1801
3,2,133,0.1822
3,2,134,0.2033
3,2,135,0.1887
3,2,136,0.1809
3,2,137,0.1821
3,2,138,0.1795
3,2,139,0.1834
3,2,140,0.19
3,2,141,0.1826
3,2,142,0.1934
3,2,143,0.185
3,2,144,0.1825
3,2,145,0.1879
3,2,146,0.1768
3,2,147,0.1808
3,2,148,0.1802
3,2,149,0.179
3,2,150,0.1924
3,2,151,0.1825
3,2,152,0.181
3,2,153,0.1802
3,2,154,0.1769
3,2,155,0.1797
3,2,156,0.1897
3,2,157,0.1821
3,2,158,0.1808
3,2,159,0.1791
3,2,160,0.1789
3,2,161,0.1942
3,2,162,0.1795
3,2,163,0.179
3,2,164,0.1792
3,2,165,0.1796
3,2,166,0.1809
3,2,167,0.2201
3,2,168,0.1844
3,2,169,0.1807
3,2,170,0.1801
3,2,171,0.1803
3,2,172,0.1978
3,2,173,0.1862
3,2,174,0.1806
3,2,175,0.1778
3,2,176,0.1805
3,2,177,0.1809
3,2,178,0.1856
3,2,179,0.1785
3,2,180,0.1804
3,2,181,0.1806
3,2,182,0.1771
3,2,183,0.3365
3,2,184,0.2036
3,2,185,0.1893
3,2,186,0.1854
3,2,187,0.1806
3,2,188,0.1827
3,2,189,0.1798
3,2,190,0.1934
3,2,191,0.1808
3,2,192,0.19
3,2,193,0.178
3,2,194,0.1827
3,2,195,0.1783
3,2,196,0.1823
3,2,197,0.1804
3,2,198,0.1804
3,2,199,0.1751
3,2,200,0.1805
3,3,0,0.1902
3,3,1,0.1849
3,3,2,0.1829
3,3,3,0.186
3,3,4,0.1801
3,3,5,0.1789
3,3,6,0.1821
3,3,7,0.1776
3,3,8,0.19
3,3,9,0.1829
3,3,10,0.1806
3,3,11,0.1833
3,3,12,0.178
3,3,13,0.1815
3,3,14,0.1787
3,3,15,0.1769
3,3,16,0.1792
3,3,17,0.1814
3,3,18,0.1793
3,3,19,0.1859
3,3,20,0.1779
3,3,21,0.175
3,3,22,0.1803
3,3,23,0.1791
3,3,24,0.174
3,3,25,0.1779
3,3,26,0.1776
3,3,27,0.1775
3,3,28,0.1811
3,3,29,0.1792
3,3,30,0.1887
3,3,31,0.1749
3,3,32,0.1806
3,3,33,0.1796
3,3,34,0.1727
3,3,35,0.1801
3,3,36,0.1799
3,3,37,0.1805
3,3,38,0.1771
3,3,39,0.178
3,3,40,0.181
3,3,41,0.1879
3,3,42,0.1804
3,3,43,0.1793
3,3,44,0.196
3,3,45,0.1806
3,3,46,0.1796
3,3,47,0.1767
3,3,48,0.1788
3,3,49,0.1795
3,3,50,0.1807
3,3,51,0.1792
3,3,52,0.1885
3,3,53,0.179
3,3,54,0.1792
3,3,55,0.1771
3,3,56,0.1832
3,3,57,0.1809
3,3,58,0.1812
3,3,59,0.1817
3,3,60,0.1786
3,3,61,0.1778
3,3,62,0.1793
3,3,63,0.1901
3,3,64,0.1838
3,3,65,0.1812
3,3,66,0.1802
3,3,67,0.18
3,3,68,0.1807
3,3,69,0.1802
3,3,70,0.1811
3,3,71,0.1803
3,3,72,0.1802
3,3,73,0.2561
3,3,74,0.3009
3,3,75,0.2004
3,3,76,0.188
3,3,77,0.1861
3,3,78,0.1803
3,3,79,0.1782
3,3,80,0.1826
3,3,81,0.1786
3,3,82,0.182
3,3,83,0.1907
3,3,84,0.1812
3,3,85,0.179
3,3,86,0.1776
3,3,87,0.1777
3,3,88,0.1797
3,3,89,0.1806
3,3,90,0.1798
3,3,91,0.18
3,3,92,0.1795
3,3,93,0.1811
3,3,94,0.186
3,3,95,0.182
3,3,96,0.179
3,3,97,0.1796
3,3,98,0.1792
3,3,99,0.1778
3,3,100,0.1791
3,3,101,0.1749
3,3,102,0.1815
3,3,103,0.188
3,3,104,0.1805
3,3,105,0.1794
3,3,106,0.1945
3,3,107,0.1894
3,3,108,0.1787
3,3,109,0.1939
3,3,110,0.181
3,3,111,0.1773
3,3,112,0.1805
3,3,113,0.1769
3,3,114,0.1788
3,3,115,0.1769
3,3,116,0.1736
3,3,117,0.1792
3,3,118,0.18
3,3,119,0.1804
3,3,120,0.1879
3,3,121,0.1791
3,3,122,0.1793
3,3,123,0.1779
3,3,124,0.1797
3,3,125,0.1806
3,3,126,0.1802
3,3,127,0.1774
3,3,128,0.1806
3,3,129,0.1799
3,3,130,0.183
3,3,131,0.2221
3,3,132,0.1853
3,3,133,0.183
3,3,134,0.1792
3,3,135,0.1774
3,3,136,0.18
3,3,137,0.1785
3,3,138,0.1794
3,3,139,0.1814
3,3,140,0.1799
3,3,141,0.1809
3,3,142,0.1887
3,3,143,0.1819
3,3,144,0.1809
3,3,145,0.1802
3,3,146,0.1801
3,3,147,0.1764
3,3,148,0.1803
3,3,149,0.182
3,3,150,0.1804
3,3,151,0.179
3,3,152,0.1807
3,3,153,0.1864
3,3,154,0.1816
3,3,155,0.1797
3,3,156,0.1794
3,3,157,0.1812
3,3,158,0.1792
3,3,159,0.3381
3,3,160,0.1959
3,3,161,0.1961
3,3,162,0.1874
3,3,163,0.1835
3,3,164,0.181
3,3,165,0.1819
3,3,166,0.1797
3,3,167,0.1813
3,3,168,0.1815
3,3,169,0.1796
3,3,170,0.1804
3,3,171,0.1862
3,3,172,0.1832
3,3,173,0.1792
3,3,174,0.1789
3,3,175,0.1776
3,3,176,0.1768
3,3,177,0.1803
3,3,178,0.1799
3,3,179,0.1801
3,3,180,0.1805
3,3,181,0.1789
3,3,182,0.1802
3,3,183,0.1874
3,3,184,0.1803
3,3,185,0.1804
3,3,186,0.1785
3,3,187,0.1792
3,3,188,0.1785
3,3,189,0.1771
3,3,190,0.1797
3,3,191,0.181
3,3,192,0.1768
3,3,193,0.1775
3,3,194,0.1888
3,3,195,0.1811
3,3,196,0.1792
3,3,197,0.18
3,3,198,0.1805
3,3,199,0.174
3,3,200,0.1783
3,4,0,0.1949
3,4,1,0.1854
3,4,2,0.1801
3,4,3,0.1812
3,4,4,0.1797
3,4,5,0.1892
3,4,6,0.1828
3,4,7,0.1812
3,4,8,0.1775
3,4,9,0.1816
3,4,10,0.1772
3,4,11,0.1796
3,4,12,0.1793
3,4,13,0.181
3,4,14,0.1819
3,4,15,0.1817
3,4,16,0.1895
3,4,17,0.1822
3,4,18,0.1815
3,4,19,0.1811
3,4,20,0.1817
3,4,21,0.1806
3,4,22,0.1784
3,4,23,0.1811
3,4,24,0.1792
3,4,25,0.1818
3,4,26,0.1802
3,4,27,0.1925
3,4,28,0.1822
3,4,29,0.1794
3,4,30,0.1826
3,4,31,0.1771
3,4,32,0.1792
3,4,33,0.1793
3,4,34,0.2793
3,4,35,0.1941
3,4,36,0.1844
3,4,37,0.1893
3,4,38,0.1852
3,4,39,0.1814
3,4,40,0.1825
3,4,41,0.1803
3,4,42,0.1814
3,4,43,0.1807
3,4,44,0.1771
3,4,45,0.1777
3,4,46,0.1814
3,4,47,0.1779
3,4,48,0.1865
3,4,49,0.1819
3,4,50,0.1805
3,4,51,0.1821
3,4,52,0.1804
3,4,53,0.18
3,4,54,0.18
3,4,55,0.1815
3,4,56,0.1834
3,4,57,0.1784
3,4,58,0.1815
3,4,59,0.1866
3,4,60,0.1784
3,4,61,0.178
3,4,62,0.1803
3,4,63,0.1809
3,4,64,0.1805
3,4,65,0.1773
3,4,66,0.1792
3,4,67,0.1813
3,4,68,0.1789
3,4,69,0.1807
3,4,70,0.1868
3,4,71,0.1819
3,4,72,0.1801
3,4,73,0.1764
3,4,74,0.1809
3,4,75,0.1743
3,4,76,0.1799
3,4,77,0.1767
3,4,78,0.1775
3,4,79,0.1791
3,4,80,0.1765
3,4,81,0.1871
3,4,82,0.1789
3,4,83,0.1803
3,4,84,0.1809
3,4,85,0.1808
3,4,86,0.1801
3,4,87,0.1765
3,4,88,0.1823
3,4,89,0.1804
3,4,90,0.1816
3,4,91,0.1814
3,4,92,0.1866
3,4,93,0.1793
3,4,94,0.178
3,4,95,0.1794
3,4,96,0.18
3,4,97,0.1793
3,4,98,0.1802
3,4,99,0.1797
3,4,100,0.179
3,4,101,0.1789
3,4,102,0.1807
3,4,103,0.1875
3,4,104,0.1829
3,4,105,0.1813
3,4,106,0.1797
3,4,107,0.1802
3,4,108,0.1815
3,4,109,0.1833
3,4,110,0.1826
3,4,111,0.1804
3,4,112,0.1786
3,4,113,0.1804
3,4,114,0.1924
3,4,115,0.1821
3,4,116,0.1808
3,4,117,0.1783
3,4,118,0.1776
3,4,119,0.1807
3,4,120,0.3453
3,4,121,0.2375
3,4,122,0.1888
3,4,123,0.1859
3,4,124,0.1932
3,4,125,0.1875
3,4,126,0.1838
3,4,127,0.1837
3,4,128,0.1829
3,4,129,0.1799
3,4,130,0.1803
3,4,131,0.1895
3,4,132,0.1787
3,4,133,0.1803
3,4,134,0.2037
3,4,135,0.3227
3,4,136,0.3249
3,4,137,0.2349
3,4,138,0.1882
3,4,139,0.1825
3,4,140,0.1867
3,4,141,0.2037
3,4,142,0.1869
3,4,143,0.1944
3,4,144,0.1841
3,4,145,0.1814
3,4,146,0.1999
3,4,147,0.1847
3,4,148,0.1786
3,4,149,0.1819
3,4,150,0.1784
3,4,151,0.1814
3,4,152,0.1811
3,4,153,0.181
3,4,154,0.1852
3,4,155,0.1822
3,4,156,0.1813
3,4,157,0.1809
3,4,158,0.1818
3,4,159,0.1785
3,4,160,0.1798
3,4,161,0.1811
3,4,162,0.181
3,4,163,0.1813
3,4,164,0.1806
3,4,165,0.1871
3,4,166,0.1789
3,4,167,0.1822
3,4,168,0.1782
3,4,169,0.178
3,4,170,0.1825
3,4,171,0.1811
3,4,172,0.182
3,4,173,0.1834
3,4,174,0.18
3,4,175,0.1805
3,4,176,0.1885
3,4,177,0.1814
3,4,178,0.1795
3,4,179,0.1794
3,4,180,0.1789
3,4,181,0.1811
3,4,182,0.1808
3,4,183,0.1838
3,4,184,0.179
3,4,185,0.1818
3,4,186,0.1817
3,4,187,0.1875
3,4,188,0.1815
3,4,189,0.1777
3,4,190,0.1809
3,4,191,0.181
3,4,192,0.1798
3,4,193,0.18
3,4,194,0.1814
3,4,195,0.1809
3,4,196,0.1805
3,4,197,0.1789
3,4,198,0.1908
3,4,199,0.1853
3,4,200,0.181
3,5,0,0.1956
3,5,1,0.1865
3,5,2,0.1822
3,5,3,0.1791
3,5,4,0.1829
3,5,5,0.1785
3,5,6,0.191
3,5,7,0.3
3,5,8,0.2348
3,5,9,0.301
3,5,10,0.3218
3,5,11,0.3423
3,5,12,0.2079
3,5,13,0.1929
3,5,14,0.2003
3,5,15,0.1849
3,5,16,0.1831
3,5,17,0.1851
3,5,18,0.179
3,5,19,0.1847
3,5,20,0.1804
3,5,21,0.1823
3,5,22,0.2113
3,5,23,0.1833
3,5,24,0.192
3,5,25,0.1865
3,5,26,0.1798
3,5,27,0.1757
3,5,28,0.1826
3,5,29,0.1812
3,5,30,0.1801
3,5,31,0.1846
3,5,32,0.1902
3,5,33,0.1876
3,5,34,0.1817
3,5,35,0.1879
3,5,36,0.1839
3,5,37,0.1792
3,5,38,0.1792
3,5,39,0.1811
3,5,40,0.2018
3,5,41,0.1874
3,5,42,0.1837
3,5,43,0.1777
3,5,44,0.1792
3,5,45,0.1793
3,5,46,0.1918
3,5,47,0.1785
3,5,48,0.1788
3,5,49,0.1763
3,5,50,0.1784
3,5,51,0.1759
3,5,52,0.1786
3,5,53,0.1785
3,5,54,0.1756
3,5,55,0.1787
3,5,56,0.174
3,5,57,0.1868
3,5,58,0.1742
3,5,59,0.1792
3,5,60,0.1786
3,5,61,0.1789
3,5,62,0.1779
3,5,63,0.1775
3,5,64,0.1788
3,5,65,0.1795
3,5,66,0.1764
3,5,67,0.1782
3,5,68,0.1854
3,5,69,0.1784
3,5,70,0.1784
3,5,71,0.1788
3,5,72,0.1785
3,5,73,0.1758
3,5,74,0.1782
3,5,75,0.1788
3,5,76,0.178
3,5,77,0.1767
3,5,78,0.181
3,5,79,0.1914
3,5,80,0.1793
3,5,81,0.1762
3,5,82,0.1792
3,5,83,0.1776
3,5,84,0.1802
3,5,85,0.1776
3,5,86,0.1763
3,5,87,0.1751
3,5,88,0.1766
3,5,89,0.1784
3,5,90,0.1854
3,5,91,0.1793
3,5,92,0.1796
3,5,93,0.18
3,5,94,0.1773
3,5,95,0.177
3,5,96,0.1789
3,5,97,0.2956
3,5,98,0.4348
3,5,99,0.201
3,5,100,0.1874
3,5,101,0.1827
3,5,102,0.1807
3,5,103,0.181
3,5,104,0.1791
3,5,105,0.1955
3,5,106,0.1821
3,5,107,0.1814
3,5,108,0.1791
3,5,109,0.1838
3,5,110,0.1811
3,5,111,0.1771
3,5,112,0.1801
3,5,113,0.1797
3,5,114,0.176
3,5,115,0.1776
3,5,116,0.1848
3,5,117,0.18
3,5,118,0.1779
3,5,119,0.1776
3,5,120,0.1797
3,5,121,0.1779
3,5,122,0.1798
3,5,123,0.1778
3,5,124,0.1799
3,5,125,0.177
3,5,126,0.1796
3,5,127,0.1875
3,5,128,0.1801
3,5,129,0.174
3,5,130,0.1802
3,5,131,0.1793
3,5,132,0.1801
3,5,133,0.1793
3,5,134,0.1794
3,5,135,0.1799
3,5,136,0.1799
3,5,137,0.18
3,5,138,0.1845
3,5,139,0.1809
3,5,140,0.1744
3,5,141,0.1821
3,5,142,0.1799
3,5,143,0.1793
3,5,144,0.1793
3,5,145,0.1787
3,5,146,0.1792
3,5,147,0.1792
3,5,148,0.1766
3,5,149,0.1865
3,5,150,0.1796
3,5,151,0.1795
3,5,152,0.1733
3,5,153,0.1784
3,5,154,0.1798
3,5,155,0.1794
3,5,156,0.1792
3,5,157,0.1784
3,5,158,0.1834
3,5,159,0.1803
3,5,160,0.1858
3,5,161,0.1804
3,5,162,0.1785
3,5,163,0.1795
3,5,164,0.1797
3,5,165,0.1781
3,5,166,0.1788
3,5,167,0.1764
3,5,168,0.1785
3,5,169,0.1756
3,5,170,0.1754
3,5,171,0.1865
3,5,172,0.1807
3,5,173,0.1822
3,5,174,0.1797
3,5,175,0.1766
3,5,176,0.1788
3,5,177,0.1755
3,5,178,0.1794
3,5,179,0.2614
3,5,180,0.3182
3,5,181,0.3222
3,5,182,0.3709
3,5,183,0.3435
3,5,184,0.3456
3,5,185,0.3443
3,5,186,0.2081
3,5,187,0.1839
3,5,188,0.1824
3,5,189,0.1788
3,5,190,0.1806
3,5,191,0.1784
3,5,192,0.1852
3,5,193,0.1788
3,5,194,0.1911
3,5,195,0.1777
3,5,196,0.1802
3,5,197,0.1795
3,5,198,0.1779
3,5,199,0.1786
3,5,200,0.1762
3,6,0,0.1939
3,6,1,0.1867
3,6,2,0.1834
3,6,3,0.1818
3,6,4,0.1927
3,6,5,0.1811
3,6,6,0.1795
3,6,7,0.1795
3,6,8,0.1813
3,6,9,0.1797
3,6,10,0.1799
3,6,11,0.1791
3,6,12,0.1794
3,6,13,0.1796
3,6,14,0.178
3,6,15,0.1878
3,6,16,0.1811
3,6,17,0.1742
3,6,18,0.1771
3,6,19,0.1781
3,6,20,0.1777
3,6,21,0.1767
3,6,22,0.1767
3,6,23,0.1772
3,6,24,0.1801
3,6,25,0.1761
3,6,26,0.1875
3,6,27,0.1796
3,6,28,0.18
3,6,29,0.1792
3,6,30,0.1768
3,6,31,0.18
3,6,32,0.1777
3,6,33,0.179
3,6,34,0.1768
3,6,35,0.1825
3,6,36,0.18
3,6,37,0.1897
3,6,38,0.1852
3,6,39,0.1812
3,6,40,0.1812
3,6,41,0.177
3,6,42,0.1798
3,6,43,0.1793
3,6,44,0.1797
3,6,45,0.1793
3,6,46,0.1782
3,6,47,0.1799
3,6,48,0.1863
3,6,49,0.1783
3,6,50,0.1775
3,6,51,0.1791
3,6,52,0.1795
3,6,53,0.1807
3,6,54,0.1781
3,6,55,0.18
3,6,56,0.1766
3,6,57,0.1785
3,6,58,0.1785
3,6,59,0.1887
3,6,60,0.1775
3,6,61,0.1795
3,6,62,0.1779
3,6,63,0.1717
3,6,64,0.1799
3,6,65,0.2784
3,6,66,0.1915
3,6,67,0.1856
3,6,68,0.1789
3,6,69,0.1778
3,6,70,0.181
3,6,71,0.1797
3,6,72,0.1802
3,6,73,0.1784
3,6,74,0.1916
3,6,75,0.1793
3,6,76,0.1789
3,6,77,0.18
3,6,78,0.1798
3,6,79,0.1791
3,6,80,0.178
3,6,81,0.1735
3,6,82,0.1833
3,6,83,0.1778
3,6,84,0.1809
3,6,85,0.1841
3,6,86,0.1773
3,6,87,0.1797
3,6,88,0.1786
3,6,89,0.1782
3,6,90,0.1783
3,6,91,0.1797
3,6,92,0.1774
3,6,93,0.1777
3,6,94,0.178
3,6,95,0.1782
3,6,96,0.1874
3,6,97,0.1782
3,6,98,0.1796
3,6,99,0.1805
3,6,100,0.1802
3,6,101,0.1778
3,6,102,0.1769
3,6,103,0.1788
3,6,104,0.1788
3,6,105,0.1733
3,6,106,0.1759
3,6,107,0.1858
3,6,108,0.1765
3,6,109,0.1787
3,6,110,0.1762
3,6,111,0.1792
3,6,112,0.1793
3,6,113,0.1791
3,6,114,0.1776
3,6,115,0.1781
3,6,116,0.1784
3,6,117,0.1791
3,6,118,0.1854
3,6,119,0.1795
3,6,120,0.181
3,6,121,0.1784
3,6,122,0.1778
3,6,123,0.1787
3,6,124,0.1781
3,6,125,0.1779
3,6,126,0.1793
3,6,127,0.1774
3,6,128,0.1765
3,6,129,0.1818
3,6,130,0.1826
3,6,131,0.1831
3,6,132,0.1767
3,6,133,0.1795
3,6,134,0.179
3,6,135,0.178
3,6,136,0.1733
3,6,137,0.1781
3,6,138,0.1786
3,6,139,0.1781
3,6,140,0.1754
3,6,141,0.1862
3,6,142,0.1775
3,6,143,0.176
3,6,144,0.1786
3,6,145,0.176
3,6,146,0.1795
3,6,147,0.179
3,6,148,0.1777
3,6,149,0.1726
3,6,150,0.176
3,6,151,0.1757
3,6,152,0.1891
3,6,153,0.1767
3,6,154,0.3366
3,6,155,0.2007
3,6,156,0.1872
3,6,157,0.194
3,6,158,0.1839
3,6,159,0.1797
3,6,160,0.2028
3,6,161,0.1997
3,6,162,0.2004
3,6,163,0.1805
3,6,164,0.1806
3,6,165,0.1787
3,6,166,0.2278
3,6,167,0.2733
3,6,168,0.1857
3,6,169,0.1813
3,6,170,0.1794
3,6,171,0.1807
3,6,172,0.1855
3,6,173,0.1815
3,6,174,0.1763
3,6,175,0.1785
3,6,176,0.1803
3,6,177,0.1806
3,6,178,0.1761
3,6,179,0.1789
3,6,180,0.1785
3,6,181,0.179
3,6,182,0.1788
3,6,183,0.1866
3,6,184,0.1808
3,6,185,0.1786
3,6,186,0.179
3,6,187,0.1791
3,6,188,0.1784
3,6,189,0.18
3,6,190,0.1794
3,6,191,0.1791
3,6,192,0.1782
3,6,193,0.1773
3,6,194,0.1894
3,6,195,0.1807
3,6,196,0.1793
3,6,197,0.1791
3,6,198,0.1787
3,6,199,0.1792
3,6,200,0.1757
3,7,0,0.1957
3,7,1,0.1859
3,7,2,0.1794
3,7,3,0.1801
3,7,4,0.1774
3,7,5,0.1796
3,7,6,0.1824
3,7,7,0.174
3,7,8,0.188
3,7,9,0.1781
3,7,10,0.1792
3,7,11,0.1785
3,7,12,0.1764
3,7,13,0.1795
3,7,14,0.179
3,7,15,0.1793
3,7,16,0.1801
3,7,17,0.178
3,7,18,0.1789
3,7,19,0.1764
3,7,20,0.1868
3,7,21,0.1795
3,7,22,0.1759
3,7,23,0.1724
3,7,24,0.1761
3,7,25,0.1814
3,7,26,0.1801
3,7,27,0.1763
3,7,28,0.1783
3,7,29,0.1778
3,7,30,0.2522
3,7,31,0.1909
3,7,32,0.1822
3,7,33,0.1809
3,7,34,0.2424
3,7,35,0.189
3,7,36,0.1797
3,7,37,0.2092
3,7,38,0.3576
3,7,39,0.3516
3,7,40,0.2838
3,7,41,0.1902
3,7,42,0.1837
3,7,43,0.1812
3,7,44,0.1916
3,7,45,0.1802
3,7,46,0.1875
3,7,47,0.1809
3,7,48,0.1793
3,7,49,0.1783
3,7,50,0.1786
3,7,51,0.1871
3,7,52,0.1814
3,7,53,0.179
3,7,54,0.1782
3,7,55,0.1865
3,7,56,0.1816
3,7,57,0.1929
3,7,58,0.1811
3,7,59,0.1796
3,7,60,0.1788
3,7,61,0.1816
3,7,62,0.1876
3,7,63,0.1813
3,7,64,0.1808
3,7,65,0.1779
3,7,66,0.1821
3,7,67,0.1814
3,7,68,0.188
3,7,69,0.1778
3,7,70,0.1803
3,7,71,0.1802
3,7,72,0.1803
3,7,73,0.1864
3,7,74,0.1806
3,7,75,0.1742
3,7,76,0.1766
3,7,77,0.1849
3,7,78,0.1802
3,7,79,0.1841
3,7,80,0.1793
3,7,81,0.1772
3,7,82,0.1799
3,7,83,0.1763
3,7,84,0.2176
3,7,85,0.1845
3,7,86,0.1809
3,7,87,0.1809
3,7,88,0.1906
3,7,89,0.1917
3,7,90,0.1796
3,7,91,0.18
3,7,92,0.1791
3,7,93,0.1796
3,7,94,0.1789
3,7,95,0.1894
3,7,96,0.1783
3,7,97,0.1798
3,7,98,0.1771
3,7,99,0.1842
3,7,100,0.1866
3,7,101,0.1801
3,7,102,0.1802
3,7,103,0.1744
3,7,104,0.1765
3,7,105,0.178
3,7,106,0.1853
3,7,107,0.1783
3,7,108,0.1805
3,7,109,0.1762
3,7,110,0.1919
3,7,111,0.1914
3,7,112,0.1819
3,7,113,0.1806
3,7,114,0.1793
3,7,115,0.1765
3,7,116,0.1768
3,7,117,0.1882
3,7,118,0.1842
3,7,119,0.1775
3,7,120,0.1825
3,7,121,0.1871
3,7,122,0.2901
3,7,123,0.2136
3,7,124,0.1925
3,7,125,0.1786
3,7,126,0.183
3,7,127,0.1762
3,7,128,0.1786
3,7,129,0.1793
3,7,130,0.1804
3,7,131,0.1919
3,7,132,0.1826
3,7,133,0.1822
3,7,134,0.1907
3,7,135,0.1854
3,7,136,0.1798
3,7,137,0.1803
3,7,138,0.1801
3,7,139,0.1792
3,7,140,0.1801
3,7,141,0.1818
3,7,142,0.1966
3,7,143,0.1812
3,7,144,0.1815
3,7,145,0.1812
3,7,146,0.1776
3,7,147,0.1786
3,7,148,0.1785
3,7,149,0.1775
3,7,150,0.1778
3,7,151,0.1761
3,7,152,0.185
3,7,153,0.1868
3,7,154,0.1793
3,7,155,0.1784
3,7,156,0.1761
3,7,157,0.1773
3,7,158,0.1761
3,7,159,0.1794
3,7,160,0.1792
3,7,161,0.1794
3,7,162,0.1776
3,7,163,0.1768
3,7,164,0.1877
3,7,165,0.181
3,7,166,0.1776
3,7,167,0.1789
3,7,168,0.1758
3,7,169,0.1792
3,7,170,0.1763
3,7,171,0.1788
3,7,172,0.1797
3,7,173,0.1764
3,7,174,0.1784
3,7,175,0.1837
3,7,176,0.1804
3,7,177,0.1757
3,7,178,0.1756
3,7,179,0.176
3,7,180,0.1765
3,7,181,0.1776
3,7,182,0.1783
3,7,183,0.1761
3,7,184,0.1812
3,7,185,0.1796
3,7,186,0.1827
3,7,187,0.181
3,7,188,0.1822
3,7,189,0.1763
3,7,190,0.1787
3,7,191,0.1731
3,7,192,0.1782
3,7,193,0.1793
3,7,194,0.1773
3,7,195,0.1805
3,7,196,0.1791
3,7,197,0.1866
3,7,198,0.1812
3,7,199,0.1712
3,7,200,0.1758
3,8,0,0.1868
3,8,1,0.1817
3,8,2,0.2609
3,8,3,0.1898
3,8,4,0.1821
3,8,5,0.1819
3,8,6,0.1765
3,8,7,0.1788
3,8,8,0.1815
3,8,9,0.2518
3,8,10,0.1983
3,8,11,0.1844
3,8,12,0.1809
3,8,13,0.1814
3,8,14,0.1824
3,8,15,0.1814
3,8,16,0.1802
3,8,17,0.1803
3,8,18,0.178
3,8,19,0.1804
3,8,20,0.1802
3,8,21,0.1889
3,8,22,0.177
3,8,23,0.1788
3,8,24,0.1812
3,8,25,0.1807
3,8,26,0.1804
3,8,27,0.1769
3,8,28,0.1825
3,8,29,0.1781
3,8,30,0.1789
3,8,31,0.1798
3,8,32,0.1874
3,8,33,0.1779
3,8,34,0.1791
3,8,35,0.1779
3,8,36,0.179
3,8,37,0.1784
3,8,38,0.1796
3,8,39,0.1765
3,8,40,0.1758
3,8,41,0.1781
3,8,42,0.1789
3,8,43,0.1859
3,8,44,0.1776
3,8,45,0.1765
3,8,46,0.1824
3,8,47,0.1798
3,8,48,0.2074
3,8,49,0.1792
3,8,50,0.1779
3,8,51,0.1786
3,8,52,0.1763
3,8,53,0.1789
3,8,54,0.184
3,8,55,0.1804
3,8,56,0.1792
3,8,57,0.1806
3,8,58,0.1826
3,8,59,0.1774
3,8,60,0.1779
3,8,61,0.1814
3,8,62,0.1745
3,8,63,0.1804
3,8,64,0.1794
3,8,65,0.1869
3,8,66,0.1787
3,8,67,0.177
3,8,68,0.1799
3,8,69,0.177
3,8,70,0.1783
3,8,71,0.178
3,8,72,0.1776
3,8,73,0.1795
3,8,74,0.1789
3,8,75,0.1761
3,8,76,0.1843
3,8,77,0.1819
3,8,78,0.1825
3,8,79,0.1786
3,8,80,0.1774
3,8,81,0.1766
3,8,82,0.1771
3,8,83,0.1812
3,8,84,0.1806
3,8,85,0.1774
3,8,86,0.18
3,8,87,0.1828
3,8,88,0.1904
3,8,89,0.1807
3,8,90,0.1808
3,8,91,0.1775
3,8,92,0.179
3,8,93,0.1806
3,8,94,0.1795
3,8,95,0.1789
3,8,96,0.1798
3,8,97,0.1785
3,8,98,0.1814
3,8,99,0.3133
3,8,100,0.2027
3,8,101,0.1898
3,8,102,0.1817
3,8,103,0.1829
3,8,104,0.1832
3,8,105,0.1809
3,8,106,0.1805
3,8,107,0.1914
3,8,108,0.1832
3,8,109,0.1779
3,8,110,0.1823
3,8,111,0.1812
3,8,112,0.1788
3,8,113,0.1736
3,8,114,0.1796
3,8,115,0.1805
3,8,116,0.1809
3,8,117,0.1778
3,8,118,0.1854
3,8,119,0.1822
3,8,120,0.1719
3,8,121,0.18
3,8,122,0.1784
3,8,123,0.179
3,8,124,0.1743
3,8,125,0.1802
3,8,126,0.18
3,8,127,0.1776
3,8,128,0.1793
3,8,129,0.1865
3,8,130,0.1809
3,8,131,0.1811
3,8,132,0.1791
3,8,133,0.1784
3,8,134,0.1806
3,8,135,0.1751
3,8,136,0.1799
3,8,137,0.177
3,8,138,0.1803
3,8,139,0.1805
3,8,140,0.1773
3,8,141,0.1904
3,8,142,0.1785
3,8,143,0.1787
3,8,144,0.1796
3,8,145,0.1792
3,8,146,0.1779
3,8,147,0.1788
3,8,148,0.1797
3,8,149,0.1771
3,8,150,0.1782
3,8,151,0.1818
3,8,152,0.1858
3,8,153,0.1775
3,8,154,0.1794
3,8,155,0.1773
3,8,156,0.1793
3,8,157,0.1784
3,8,158,0.1765
3,8,159,0.1786
3,8,160,0.1813
3,8,161,0.1807
3,8,162,0.1792
3,8,163,0.1869
3,8,164,0.1776
3,8,165,0.1811
3,8,166,0.1792
3,8,167,0.1793
3,8,168,0.1774
3,8,169,0.1788
3,8,170,0.1795
3,8,171,0.1807
3,8,172,0.177
3,8,173,0.1793
3,8,174,0.1939
3,8,175,0.1826
3,8,176,0.1814
3,8,177,0.181
3,8,178,0.179
3,8,179,0.1795
3,8,180,0.1797
3,8,181,0.1773
3,8,182,0.1799
3,8,183,0.1785
3,8,184,0.1824
3,8,185,0.2651
3,8,186,0.1948
3,8,187,0.1816
3,8,188,0.1824
3,8,189,0.1819
3,8,190,0.178
3,8,191,0.1789
3,8,192,0.1789
3,8,193,0.179
3,8,194,0.1787
3,8,195,0.1769
3,8,196,0.19
3,8,197,0.1807
3,8,198,0.179
3,8,199,0.1794
3,8,200,0.178
3,9,0,0.1858
3,9,1,0.1735
3,9,2,0.1796
3,9,3,0.1809
3,9,4,0.1822
3,9,5,0.2141
3,9,6,0.1801
3,9,7,0.1783
3,9,8,0.1803
3,9,9,0.18
3,9,10,0.1795
3,9,11,0.1766
3,9,12,0.1765
3,9,13,0.1798
3,9,14,0.1804
3,9,15,0.1793
3,9,16,0.1852
3,9,17,0.1783
3,9,18,0.1802
3,9,19,0.1779
3,9,20,0.1778
3,9,21,0.1773
3,9,22,0.1799
3,9,23,0.1765
3,9,24,0.1792
3,9,25,0.1777
3,9,26,0.1792
3,9,27,0.1846
3,9,28,0.1799
3,9,29,0.1793
3,9,30,0.1807
3,9,31,0.1773
3,9,32,0.1796
3,9,33,0.1792
3,9,34,0.1803
3,9,35,0.1802
3,9,36,0.1911
3,9,37,0.1796
3,9,38,0.1885
3,9,39,0.1803
3,9,40,0.1797
3,9,41,0.1806
3,9,42,0.1799
3,9,43,0.1791
3,9,44,0.1797
3,9,45,0.1773
3,9,46,0.1807
3,9,47,0.1805
3,9,48,0.1795
3,9,49,0.1867
3,9,50,0.1783
3,9,51,0.1804
3,9,52,0.1766
3,9,53,0.1792
3,9,54,0.1796
3,9,55,0.1792
3,9,56,0.1787
3,9,57,0.1814
3,9,58,0.1763
3,9,59,0.1773
3,9,60,0.193
3,9,61,0.1806
3,9,62,0.1805
3,9,63,0.1792
3,9,64,0.1792
3,9,65,0.1786
3,9,66,0.1783
3,9,67,0.1785
3,9,68,0.1728
3,9,69,0.1758
3,9,70,0.3107
3,9,71,0.1923
3,9,72,0.1827
3,9,73,0.1805
3,9,74,0.1818
3,9,75,0.1812
3,9,76,0.178
3,9,77,0.1778
3,9,78,0.1783
3,9,79,0.189
3,9,80,0.1799
3,9,81,0.1798
3,9,82,0.1788
3,9,83,0.173
3,9,84,0.1788
3,9,85,0.179
3,9,86,0.1758
3,9,87,0.1785
3,9,88,0.1788
3,9,89,0.1758
3,9,90,0.1874
3,9,91,0.18
3,9,92,0.1793
3,9,93,0.1783
3,9,94,0.1774
3,9,95,0.1781
3,9,96,0.1782
3,9,97,0.1776
3,9,98,0.1779
3,9,99,0.1815
3,9,100,0.1783
3,9,101,0.1837
3,9,102,0.1794
3,9,103,0.179
3,9,104,0.1739
3,9,105,0.1779
3,9,106,0.178
3,9,107,0.177
3,9,108,0.1729
3,9,109,0.1795
3,9,110,0.1806
3,9,111,0.1777
3,9,112,0.1871
3,9,113,0.1792
3,9,114,0.1791
3,9,115,0.178
3,9,116,0.1776
3,9,117,0.1783
3,9,118,0.1732
3,9,119,0.1783
3,9,120,0.1806
3,9,121,0.1757
3,9,122,0.1757
3,9,123,0.1846
3,9,124,0.1765
3,9,125,0.1781
3,9,126,0.1688
3,9,127,0.1755
3,9,128,0.1758
3,9,129,0.1779
3,9,130,0.1785
3,9,131,0.1802
3,9,132,0.1783
3,9,133,0.1779
3,9,134,0.177
3,9,135,0.1832
3,9,136,0.1773
3,9,137,0.1758
3,9,138,0.1756
3,9,139,0.1773
3,9,140,0.1767
3,9,141,0.18
3,9,142,0.1789
3,9,143,0.1793
3,9,144,0.1778
3,9,145,0.1759
3,9,146,0.1843
3,9,147,0.1806
3,9,148,0.179
3,9,149,0.1791
3,9,150,0.1783
3,9,151,0.1787
3,9,152,0.1778
3,9,153,0.1758
3,9,154,0.1785
3,9,155,0.1746
3,9,156,0.1776
3,9,157,0.3504
3,9,158,0.2048
3,9,159,0.1895
3,9,160,0.1817
3,9,161,0.182
3,9,162,0.1814
3,9,163,0.1848
3,9,164,0.1788
3,9,165,0.1808
3,9,166,0.1906
3,9,167,0.1818
3,9,168,0.2054
3,9,169,0.1825
3,9,170,0.1778
3,9,171,0.213
3,9,172,0.2523
3,9,173,0.1884
3,9,174,0.1855
3,9,175,0.1844
3,9,176,0.194
3,9,177,0.1991
3,9,178,0.1821
3,9,179,0.1785
3,9,180,0.1796
3,9,181,0.1804
3,9,182,0.2537
3,9,183,0.2349
3,9,184,0.1917
3,9,185,0.1821
3,9,186,0.1918
3,9,187,0.1768
3,9,188,0.1821
3,9,189,0.182
3,9,190,0.1787
3,9,191,0.1768
3,9,192,0.1775
3,9,193,0.1797
3,9,194,0.1831
3,9,195,0.181
3,9,196,0.1812
3,9,197,0.1855
3,9,198,0.1813
3,9,199,0.1799
3,9,200,0.1781
3,10,0,0.1835
3,10,1,0.1965
3,10,2,0.1786
3,10,3,0.1808
3,10,4,0.1798
3,10,5,0.1787
3,10,6,0.1773
3,10,7,0.1878
3,10,8,0.1808
3,10,9,0.1752
3,10,10,0.1798
3,10,11,0.1806
3,10,12,0.18
3,10,13,0.17
3,10,14,0.1796
3,10,15,0.1763
3,10,16,0.1762
3,10,17,0.1801
3,10,18,0.1872
3,10,19,0.1813
3,10,20,0.1776
3,10,21,0.1809
3,10,22,0.1795
3,10,23,0.1789
3,10,24,0.1806
3,10,25,0.179
3,10,26,0.1795
3,10,27,0.1775
3,10,28,0.1727
3,10,29,0.1911
3,10,30,0.1839
3,10,31,0.1813
3,10,32,0.1804
3,10,33,0.1801
3,10,34,0.1832
3,10,35,0.1934
3,10,36,0.1848
3,10,37,0.1808
3,10,38,0.1844
3,10,39,0.1808
3,10,40,0.1893
3,10,41,0.1845
3,10,42,0.1822
3,10,43,0.1908
3,10,44,0.1852
3,10,45,0.1808
3,10,46,0.1816
3,10,47,0.1801
3,10,48,0.1817
3,10,49,0.1794
3,10,50,0.1828
3,10,51,0.1888
3,10,52,0.1841
3,10,53,0.1749
3,10,54,0.2365
3,10,55,0.2106
3,10,56,0.1892
3,10,57,0.1834
3,10,58,0.1775
3,10,59,0.2308
3,10,60,0.1976
3,10,61,0.1961
3,10,62,0.1819
3,10,63,0.1966
3,10,64,0.2228
3,10,65,0.2
3,10,66,0.1824
3,10,67,0.1825
3,10,68,0.1815
3,10,69,0.1797
3,10,70,0.183
3,10,71,0.1821
3,10,72,0.1808
3,10,73,0.1794
3,10,74,0.19
3,10,75,0.1836
3,10,76,0.1788
3,10,77,0.1804
3,10,78,0.1826
3,10,79,0.1827
3,10,80,0.1795
3,10,81,0.1824
3,10,82,0.1795
3,10,83,0.1822
3,10,84,0.1806
3,10,85,0.1862
3,10,86,0.1833
3,10,87,0.1807
3,10,88,0.1874
3,10,89,0.1832
3,10,90,0.1833
3,10,91,0.1818
3,10,92,0.1809
3,10,93,0.1831
3,10,94,0.1822
3,10,95,0.1902
3,10,96,0.1795
3,10,97,0.1834
3,10,98,0.1819
3,10,99,0.1828
3,10,100,0.1808
3,10,101,0.1816
3,10,102,0.1809
3,10,103,0.1817
3,10,104,0.1817
3,10,105,0.1791
3,10,106,0.1864
3,10,107,0.182
3,10,108,0.1864
3,10,109,0.183
3,10,110,0.1838
3,10,111,0.1819
3,10,112,0.1821
3,10,113,0.1828
3,10,114,0.1831
3,10,115,0.1824
3,10,116,0.1791
3,10,117,0.1926
3,10,118,0.1845
3,10,119,0.1854
3,10,120,0.1813
3,10,121,0.181
3,10,122,0.1828
3,10,123,0.1792
3,10,124,0.1799
3,10,125,0.1759
3,10,126,0.1784
3,10,127,0.1779
3,10,128,0.1882
3,10,129,0.1819
3,10,130,0.2077
3,10,131,0.1802
3,10,132,0.182
3,10,133,0.1817
3,10,134,0.1801
3,10,135,0.182
3,10,136,0.1774
3,10,137,0.1824
3,10,138,0.1754
3,10,139,0.1922
3,10,140,0.1835
3,10,141,0.1797
3,10,142,0.1818
3,10,143,0.1812
3,10,144,0.1791
3,10,145,0.184
3,10,146,0.263
3,10,147,0.2079
3,10,148,0.1919
3,10,149,0.2438
3,10,150,0.2047
3,10,151,0.1965
3,10,152,0.1883
3,10,153,0.18
3,10,154,0.1822
3,10,155,0.183
3,10,156,0.1831
3,10,157,0.182
3,10,158,0.1906
3,10,159,0.1857
3,10,160,0.1834
3,10,161,0.1845
3,10,162,0.1801
3,10,163,0.1854
3,10,164,0.1851
3,10,165,0.1826
3,10,166,0.1802
3,10,167,0.1842
3,10,168,0.1819
3,10,169,0.1927
3,10,170,0.1804
3,10,171,0.1858
3,10,172,0.1836
3,10,173,0.1826
3,10,174,0.184
3,10,175,0.181
3,10,176,0.1852
3,10,177,0.1812
3,10,178,0.1846
3,10,179,0.1901
3,10,180,0.1835
3,10,181,0.1835
3,10,182,0.1812
3,10,183,0.1909
3,10,184,0.1847
3,10,185,0.184
3,10,186,0.182
3,10,187,0.1836
3,10,188,0.1846
3,10,189,0.1829
3,10,190,0.1906
3,10,191,0.1856
3,10,192,0.1805
3,10,193,0.181
3,10,194,0.1854
3,10,195,0.1814
3,10,196,0.1809
3,10,197,0.1833
3,10,198,0.1841
3,10,199,0.1828
3,10,200,0.1831
