algorithm,ratio_percent,seed,best,avg,asr
FedAvg,10,42,80.01,55.71,9.77
FedAvg,10,123,85.1,63.37,6.47
FedAvg,10,2024,85.93,70.64,5.08
FedAvg,20,42,79.94,60.46,10.65
FedAvg,20,123,82.07,61.67,8.59
FedAvg,20,2024,81.95,65.73,6.49
FedAvg,30,42,75.32,55.48,13.94
FedAvg,30,123,77.72,54.41,13.17
FedAvg,30,2024,79.08,61.31,9.66
FedAvg,40,42,65.74,46.09,20.08
FedAvg,40,123,70.06,53.45,17.63
FedAvg,40,2024,82.26,68.26,9.59
Multi-Krum,10,42,79.8,53.28,11.02
Multi-Krum,10,123,79.4,57.51,9.14
Multi-Krum,10,2024,82.25,65.17,4.8
Multi-Krum,20,42,73.98,45.42,18.36
Multi-Krum,20,123,77.97,55.15,10.19
Multi-Krum,20,2024,80.18,56.82,7.3
Multi-Krum,30,42,55.18,33.82,27.13
Multi-Krum,30,123,75.25,47.39,12.21
Multi-Krum,30,2024,76.96,57.8,5.48
Multi-Krum,40,42,26.98,18.85,46.73
Multi-Krum,40,123,80.39,50.78,15.43
Multi-Krum,40,2024,80.77,57.42,11.12
Trimmed Mean,10,42,82.29,58.61,8.93
Trimmed Mean,10,123,83.78,61.59,6.49
Trimmed Mean,10,2024,83.4,65.95,5.3
Trimmed Mean,20,42,80.54,59.82,9.53
Trimmed Mean,20,123,79.7,52.68,9.67
Trimmed Mean,20,2024,85.6,67.25,5.48
Trimmed Mean,30,42,75.85,55.3,12.2
Trimmed Mean,30,123,80.49,56.61,11.27
Trimmed Mean,30,2024,83.08,64.99,7.11
Trimmed Mean,40,42,65.76,46.76,17.69
Trimmed Mean,40,123,71.21,50.57,15.49
Trimmed Mean,40,2024,79.75,62.04,8.48
FLTrust,10,42,82.14,59.58,9.21
FLTrust,10,123,86.59,67.52,5.45
FLTrust,10,2024,85.48,67.06,6.24
FLTrust,20,42,81.37,58.64,11.05
FLTrust,20,123,84.96,62.59,9.36
FLTrust,20,2024,86.03,66.52,8.78
FLTrust,30,42,79.82,54.28,14.63
FLTrust,30,123,82.82,51.48,16.18
FLTrust,30,2024,84.07,59.06,14.28
FLTrust,40,42,76.2,47.7,21.25
FLTrust,40,123,81.41,51.27,17.44
FLTrust,40,2024,86.02,58.74,15.16
TASL,10,42,81.92,59.51,8.75
TASL,10,123,83.77,60.59,6.81
TASL,10,2024,86.21,71.91,4.52
TASL,20,42,83.31,59.09,9.44
TASL,20,123,84.3,62.42,7.91
TASL,20,2024,85.59,68.42,5.39
TASL,30,42,77.24,49.03,12.96
TASL,30,123,83.27,55.98,12.23
TASL,30,2024,85.63,64.02,9.27
TASL,40,42,76.85,42.99,19.22
TASL,40,123,83.91,54.42,16.5
TASL,40,2024,84.93,63.03,9.34
