seed,algo,condition,actual_byzantine_ratio,configured_tolerance,best_acc,average_acc,final_acc,lf_asr,aulc,p10_acc,round_to_95pct_best
42,fedavg,clean,0.0,0.4,83.45,76.0352,83.45,0.0,76.43285714285715,68.35600000000001,26
42,fedavg,label_flip_40pct,0.4,0.4,78.17,54.74679999999999,22.49,17.8574,55.433775510204086,24.169,35
42,fltrust,clean,0.0,0.4,81.56,61.526399999999995,40.99,0.0,62.21938775510204,34.448,34
42,fltrust,label_flip_40pct,0.4,0.4,77.68,57.7144,62.54,2.6245999999999996,58.07316326530612,31.827000000000005,36
42,tasl_full,clean,0.0,0.4,84.11,73.98419999999999,74.12,0.0,74.4045918367347,64.26,19
42,tasl_full,label_flip_40pct,0.4,0.4,82.82,66.1418,57.77,1.4372,66.62551020408164,58.312000000000005,29
123,fedavg,clean,0.0,0.4,83.53,75.8918,83.53,0.0,76.33897959183673,66.503,25
123,fedavg,label_flip_40pct,0.4,0.4,73.88,45.3076,72.5,27.2646,45.39020408163265,37.204,44
123,fltrust,clean,0.0,0.4,78.74,65.1996,27.02,0.0,66.06153061224491,44.38600000000001,22
123,fltrust,label_flip_40pct,0.4,0.4,76.76,60.76119999999999,63.99,3.5062,61.109285714285704,25.769000000000002,21
123,tasl_full,clean,0.0,0.4,75.24,63.967,68.03,0.0,64.33326530612244,52.514,27
123,tasl_full,label_flip_40pct,0.4,0.4,76.7,61.866800000000005,73.45,2.4840000000000004,62.2773469387755,53.475,22
2024,fedavg,clean,0.0,0.4,84.34,75.98360000000001,84.34,0.0,76.40295918367347,67.941,28
2024,fedavg,label_flip_40pct,0.4,0.4,69.62,59.49,66.47,14.8774,59.74336734693878,56.901,44
2024,fltrust,clean,0.0,0.4,80.22,67.00439999999999,39.46,0.0,67.83183673469388,43.906,33
2024,fltrust,label_flip_40pct,0.4,0.4,78.9,65.45100000000001,75.87,1.2966,65.82775510204081,42.036,30
2024,tasl_full,clean,0.0,0.4,79.81,69.1204,75.58,0.0,69.43989795918368,63.843,40
2024,tasl_full,label_flip_40pct,0.4,0.4,78.68,66.185,70.05,0.7452000000000001,66.48295918367347,60.625,28
3407,fedavg,clean,0.0,0.4,80.93,75.6192,80.93,0.0,76.0445918367347,70.186,19
3407,fedavg,label_flip_40pct,0.4,0.4,75.88,57.21040000000001,21.26,16.6192,57.83112244897959,42.556000000000004,45
3407,fltrust,clean,0.0,0.4,77.06,63.483000000000004,75.25,0.0,63.791428571428575,28.898,13
3407,fltrust,label_flip_40pct,0.4,0.4,77.91,63.84660000000001,74.59,2.6233999999999997,64.14928571428571,39.585,15
3407,tasl_full,clean,0.0,0.4,79.79,72.92920000000001,74.63,0.0,73.28948979591837,68.661,12
3407,tasl_full,label_flip_40pct,0.4,0.4,81.17,66.6516,60.74,3.2790000000000004,67.02520408163265,58.929,24
7711,fedavg,clean,0.0,0.4,83.48,75.7034,83.31,0.0,76.04602040816327,67.744,26
7711,fedavg,label_flip_40pct,0.4,0.4,70.58,57.6766,70.58,14.63,57.848775510204085,48.802,28
7711,fltrust,clean,0.0,0.4,76.9,64.8968,48.62,0.0,65.49510204081632,48.312,19
7711,fltrust,label_flip_40pct,0.4,0.4,78.01,63.5114,74.11,2.3156,63.821326530612254,41.275,32
7711,tasl_full,clean,0.0,0.4,78.87,69.131,64.82,0.0,69.52836734693878,58.532,23
7711,tasl_full,label_flip_40pct,0.4,0.4,81.68,64.8186,75.53,2.7763999999999998,65.06571428571428,53.121,48
