algo,condition,round,mean_accuracy,sd,ci95_low,ci95_high
fedavg,clean,1,28.75,3.7983746524006827,24.033694942424326,33.466305057575674
fedavg,clean,2,49.222,3.7398155034707248,44.57840572941611,53.86559427058389
fedavg,clean,3,59.212,1.3147319118360228,57.579544717783605,60.8444552822164
fedavg,clean,4,63.386,2.2548348054791054,60.5862528001398,66.1857471998602
fedavg,clean,5,66.562,1.9064417116712487,64.19483996194384,68.92916003805615
fedavg,clean,6,68.804,1.656873561862823,66.74671974865929,70.86128025134072
fedavg,clean,7,69.83,0.40062451248020253,69.3325589660554,70.3274410339446
fedavg,clean,8,70.13,1.853442742573941,67.82864687381388,72.43135312618611
fedavg,clean,9,71.388,1.3533366174015962,69.70761064472158,73.06838935527843
fedavg,clean,10,72.19200000000001,1.4061365509793158,70.44605086809058,73.93794913190943
fedavg,clean,11,72.792,0.7499133283253447,71.86085961844526,73.72314038155474
fedavg,clean,12,72.78799999999998,1.3070462883922644,71.16508767971744,74.41091232028252
fedavg,clean,13,74.00999999999999,1.1546211499881667,72.57634848649505,75.44365151350493
fedavg,clean,14,73.816,1.3482321758510287,72.14194864602585,75.49005135397415
fedavg,clean,15,75.058,0.532043231326181,74.39738107417429,75.71861892582572
fedavg,clean,16,75.11200000000001,0.6848868519689986,74.26160065306699,75.96239934693303
fedavg,clean,17,75.5,0.8957120072880579,74.38782664779158,76.61217335220842
fedavg,clean,18,76.156,0.6761878437239196,75.31640189842499,76.99559810157503
fedavg,clean,19,76.912,0.5864895565992626,76.18377703224822,77.6402229677518
fedavg,clean,20,77.03,0.46178999556075406,76.45661198778154,77.60338801221846
fedavg,clean,21,77.316,0.9127321622469492,76.18269333413528,78.44930666586473
fedavg,clean,22,77.21799999999999,0.8194632389558415,76.20050199833707,78.2354980016629
fedavg,clean,23,78.104,0.5079173161056846,77.47333735452729,78.73466264547271
fedavg,clean,24,77.95,1.1603878661895752,76.50918816259991,79.3908118374001
fedavg,clean,25,78.666,0.7494864908722477,77.73538960714384,79.59661039285615
fedavg,clean,26,79.45400000000001,0.6467843535522495,78.65091115359269,80.25708884640733
fedavg,clean,27,79.44800000000001,0.897646923907167,78.33342413148613,80.56257586851389
fedavg,clean,28,79.59400000000001,1.3052509337288372,77.97331690696706,81.21468309303296
fedavg,clean,29,79.802,0.6273515760719834,79.02304013377503,80.58095986622499
fedavg,clean,30,80.21599999999998,0.9874867087713147,78.98987330501392,81.44212669498604
fedavg,clean,31,80.55199999999999,0.838283961435501,79.5111329848139,81.59286701518609
fedavg,clean,32,80.734,0.964769402499893,79.53608056634732,81.93191943365267
fedavg,clean,33,80.476,0.8855393836526987,79.37645762832689,81.57554237167311
fedavg,clean,34,80.954,0.8513401200460357,79.89692162271236,82.01107837728763
fedavg,clean,35,80.88,0.8506174228170944,79.82381896984313,81.93618103015686
fedavg,clean,36,81.102,0.7934859797123084,80.11675702591178,82.08724297408823
fedavg,clean,37,81.33399999999999,1.7207062503518744,79.19746099745387,83.4705390025461
fedavg,clean,38,81.626,1.151533759817744,80.19618198771809,83.05581801228192
fedavg,clean,39,81.846,1.1272222496029793,80.44636871469372,83.24563128530629
fedavg,clean,40,81.848,1.0653731740568628,80.52516448512152,83.17083551487848
fedavg,clean,41,81.988,1.1404034373852119,80.57200210837095,83.40399789162905
fedavg,clean,42,81.958,1.1654055088251507,80.51095793638346,83.40504206361653
fedavg,clean,43,82.376,1.1193882257733456,80.98609594004405,83.76590405995596
fedavg,clean,44,82.31200000000001,1.2777988887144962,80.72540312293845,83.89859687706158
fedavg,clean,45,82.134,1.2692241724770286,80.55805003938531,83.7099499606147
fedavg,clean,46,82.658,1.2495879320800112,81.10643165214636,84.20956834785365
fedavg,clean,47,82.416,1.2704448039958292,80.83853442517334,83.99346557482666
fedavg,clean,48,82.788,1.2827977237273251,81.19519624947003,84.38080375052996
fedavg,clean,49,82.82000000000001,1.1556599845975486,81.38505860296051,84.2549413970395
fedavg,clean,50,83.112,1.2842585409488214,81.51738240531814,84.70661759468184
fedavg,label_flip_40pct,1,23.522,8.819037362433612,12.571718808252282,34.47228119174771
fedavg,label_flip_40pct,2,33.624,9.198702625914159,22.202302119219944,45.04569788078006
fedavg,label_flip_40pct,3,38.618,8.972564850699047,27.47708925333844,49.75891074666156
fedavg,label_flip_40pct,4,42.660000000000004,6.077680478603661,35.113562957132004,50.206437042868004
fedavg,label_flip_40pct,5,48.094,6.723446288920586,39.74573879919059,56.44226120080941
fedavg,label_flip_40pct,6,48.71,9.097848646795569,37.413528874167085,60.00647112583292
fedavg,label_flip_40pct,7,52.246,8.096964245938102,42.19229100107555,62.29970899892445
fedavg,label_flip_40pct,8,54.294000000000004,8.99399132754752,43.126484768427346,65.46151523157266
fedavg,label_flip_40pct,9,54.193999999999996,8.160344968198341,44.061593440064854,64.32640655993514
fedavg,label_flip_40pct,10,54.541999999999994,9.714950849077928,42.47929528638082,66.60470471361917
fedavg,label_flip_40pct,11,55.634,8.571699364770092,44.990829495338886,66.27717050466111
fedavg,label_flip_40pct,12,56.29200000000001,9.587104359502925,44.38803766978285,68.19596233021717
fedavg,label_flip_40pct,13,54.65,7.022780788263293,45.9300659279364,63.3699340720636
fedavg,label_flip_40pct,14,57.641999999999996,10.212050234894068,44.96206487548371,70.32193512451627
fedavg,label_flip_40pct,15,56.327999999999996,6.3833627501498,48.402008285664,64.25399171433598
fedavg,label_flip_40pct,16,58.568000000000005,7.993210869231462,48.64311783362426,68.49288216637575
fedavg,label_flip_40pct,17,57.172000000000004,6.862296991532789,48.65133288063172,65.69266711936828
fedavg,label_flip_40pct,18,57.682,7.773539734252345,48.029875573372394,67.33412442662761
fedavg,label_flip_40pct,19,59.05,8.27161411092176,48.77943455143419,69.3205654485658
fedavg,label_flip_40pct,20,57.384,8.19425591496873,47.209487438315065,67.55851256168494
fedavg,label_flip_40pct,21,60.05799999999999,8.353021608974801,49.68635379191788,70.4296462080821
fedavg,label_flip_40pct,22,57.827999999999996,8.507036499275173,47.265119047444614,68.39088095255538
fedavg,label_flip_40pct,23,59.312,6.5358526605179845,51.19666705387051,67.42733294612948
fedavg,label_flip_40pct,24,57.98599999999999,7.98390443329578,48.07267330007718,67.89932669992281
fedavg,label_flip_40pct,25,59.474000000000004,8.458459079525065,48.971435880673965,69.97656411932604
fedavg,label_flip_40pct,26,55.44199999999999,9.191684829235607,44.0290158647024,66.85498413529758
fedavg,label_flip_40pct,27,58.739999999999995,9.482945217599857,46.96536832636767,70.51463167363232
fedavg,label_flip_40pct,28,56.92,9.024103833622485,45.71509515373837,68.12490484626163
fedavg,label_flip_40pct,29,59.568,9.557775368776984,47.70045442167089,71.43554557832911
fedavg,label_flip_40pct,30,56.19599999999999,10.063321022406072,43.700736584111255,68.69126341588873
fedavg,label_flip_40pct,31,59.013999999999996,9.950883377871534,46.65834635937263,71.36965364062736
fedavg,label_flip_40pct,32,55.55800000000001,14.569473909513686,37.46760877378778,73.64839122621223
fedavg,label_flip_40pct,33,58.666,11.210282333643521,44.74659601661513,72.58540398338486
fedavg,label_flip_40pct,34,54.8,17.475283974802814,33.10156903010012,76.49843096989987
fedavg,label_flip_40pct,35,59.302,11.376078849937707,45.17673245130504,73.42726754869496
fedavg,label_flip_40pct,36,54.122,17.441064187715153,32.466058507753075,75.77794149224692
fedavg,label_flip_40pct,37,59.732000000000006,10.37921336132946,46.84450443956172,72.6194955604383
fedavg,label_flip_40pct,38,54.1,17.017486594676665,32.96999955547477,75.23000044452523
fedavg,label_flip_40pct,39,60.802,11.171569719605209,46.93066407574287,74.67333592425713
fedavg,label_flip_40pct,40,56.233999999999995,18.19735914906336,33.63899428222409,78.8290057177759
fedavg,label_flip_40pct,41,61.62199999999999,11.932802269374955,46.80546902443291,76.43853097556708
fedavg,label_flip_40pct,42,55.55,19.478584394149387,31.36414302181098,79.73585697818902
fedavg,label_flip_40pct,43,61.176,13.353899430503436,44.5949438415101,77.7570561584899
fedavg,label_flip_40pct,44,55.608000000000004,22.089366672677603,28.1804286594141,83.0355713405859
fedavg,label_flip_40pct,45,60.766,14.176358135995294,43.16372647689158,78.36827352310841
fedavg,label_flip_40pct,46,51.714,22.64752812118797,23.593379683613506,79.83462031638649
fedavg,label_flip_40pct,47,60.938,15.169438684407545,42.102654112611646,79.77334588738836
fedavg,label_flip_40pct,48,49.222,26.124213289590177,16.784504876919492,81.65949512308052
fedavg,label_flip_40pct,49,62.298,14.89905768832378,43.79837646124733,80.79762353875267
fedavg,label_flip_40pct,50,50.65999999999999,26.370708181616966,17.91644104374869,83.40355895625129
fltrust,clean,1,18.110000000000003,4.153113290051211,12.953228747281816,23.26677125271819
fltrust,clean,2,22.214,4.209896673316341,16.986722864585296,27.4412771354147
fltrust,clean,3,29.686,7.067756362524107,20.910221376578207,38.46177862342179
fltrust,clean,4,34.576,6.2942934472425085,26.7606024324291,42.391397567570905
fltrust,clean,5,46.69,5.541894982765372,39.80882851807415,53.571171481925845
fltrust,clean,6,54.638,5.983892545826673,47.20801605672714,62.06798394327286
fltrust,clean,7,59.71999999999999,6.229759224881807,51.98473225298645,67.45526774701354
fltrust,clean,8,64.104,3.3598035656865406,59.93225287145038,68.27574712854963
fltrust,clean,9,66.832,2.5578741173091397,63.6559797966,70.0080202034
fltrust,clean,10,66.794,0.9119649116057051,65.66164600163411,67.92635399836588
fltrust,clean,11,69.422,2.4689208168752605,66.35642990727015,72.48757009272984
fltrust,clean,12,70.492,1.57034072735824,68.54216445392616,72.44183554607385
fltrust,clean,13,70.75399999999999,2.398901832089009,67.77536995987,73.73263004012998
fltrust,clean,14,70.792,1.175997448976827,69.331806305626,72.252193694374
fltrust,clean,15,71.442,1.6496726948094889,69.39366080603526,73.49033919396473
fltrust,clean,16,72.202,0.5372801876116429,71.53487853409446,72.86912146590554
fltrust,clean,17,71.684,2.1775054534948945,68.98026987250302,74.38773012749698
fltrust,clean,18,71.634,2.5967441152335335,68.40971631956702,74.85828368043298
fltrust,clean,19,71.32000000000001,3.215167180723267,67.32784266348962,75.3121573365104
fltrust,clean,20,73.146,1.5814645111414916,71.18235245207869,75.10964754792131
fltrust,clean,21,70.482,3.6802268951791515,65.91239475903483,75.05160524096517
fltrust,clean,22,72.292,5.308885947164434,65.70014744883602,78.88385255116398
fltrust,clean,23,71.662,3.97775941957278,66.72295933520057,76.60104066479944
fltrust,clean,24,72.588,2.7817386649360127,69.13401524733754,76.04198475266244
fltrust,clean,25,68.048,8.24209136081371,57.814091887371326,78.28190811262867
fltrust,clean,26,67.6,11.26322777892732,53.61485556333737,81.58514443666262
fltrust,clean,27,64.804,17.61597939372092,42.930872593717325,86.67712740628268
fltrust,clean,28,66.652,17.913865300375573,44.40899838785195,88.89500161214805
fltrust,clean,29,59.403999999999996,18.050416338688702,36.991447879661195,81.8165521203388
fltrust,clean,30,67.73600000000002,16.71471148419858,46.981944509707596,88.49005549029243
fltrust,clean,31,65.146,12.285160967606407,49.891957914384975,80.40004208561503
fltrust,clean,32,72.214,4.744220694697917,66.32327196386034,78.10472803613966
fltrust,clean,33,69.25399999999999,4.431284238231623,63.751833895579985,74.75616610442
fltrust,clean,34,72.996,5.285577546493855,66.43308865080438,79.55891134919561
fltrust,clean,35,73.334,3.691054049997103,68.7509510706944,77.91704892930561
fltrust,clean,36,75.42,3.097862166075179,71.57349607698691,79.26650392301309
fltrust,clean,37,71.564,4.565197695609687,65.89555837667865,77.23244162332134
fltrust,clean,38,76.196,2.9566839533504403,72.52479198105797,79.86720801894202
fltrust,clean,39,75.494,3.679168384295559,70.92570907389069,80.06229092610931
fltrust,clean,40,75.824,1.5491707459153778,73.9004504577264,77.7475495422736
fltrust,clean,41,74.78200000000001,4.925085786054901,68.66669829139055,80.89730170860948
fltrust,clean,42,76.876,3.7844986457918077,72.1769242802694,81.5750757197306
fltrust,clean,43,71.96000000000001,9.525001312335869,60.13314878762893,83.78685121237109
fltrust,clean,44,67.614,18.545965329418692,44.58614253852556,90.64185746147444
fltrust,clean,45,62.720000000000006,25.86680401595837,30.602120704791894,94.83787929520813
fltrust,clean,46,64.038,21.870890928354974,36.88170212562028,91.19429787437971
fltrust,clean,47,63.220000000000006,21.426699465853346,36.61523867291803,89.82476132708197
fltrust,clean,48,56.236000000000004,19.098873788786605,32.52161601022611,79.9503839897739
fltrust,clean,49,52.426,6.501340630977582,44.35351939845578,60.49848060154422
fltrust,clean,50,46.268,17.959537020758635,23.968289456916274,68.56771054308373
fltrust,label_flip_40pct,1,21.048000000000002,2.881626276948488,17.46998839563511,24.626011604364894
fltrust,label_flip_40pct,2,21.544,5.596943808901425,14.59447637251764,28.49352362748236
fltrust,label_flip_40pct,3,26.514,6.3929203029601425,18.576141016428476,34.451858983571526
fltrust,label_flip_40pct,4,32.488,8.319457314031968,22.158029368573498,42.817970631426505
fltrust,label_flip_40pct,5,38.896,7.78036824321317,29.23539685963432,48.55660314036568
fltrust,label_flip_40pct,6,46.065999999999995,9.129336229978605,34.73043187573826,57.40156812426173
fltrust,label_flip_40pct,7,53.553999999999995,7.068336437946342,44.777501117810175,62.330498882189815
fltrust,label_flip_40pct,8,58.620000000000005,5.860575910266843,51.3431338834814,65.89686611651861
fltrust,label_flip_40pct,9,64.154,4.114933778324995,59.04463487246125,69.26336512753875
fltrust,label_flip_40pct,10,61.629999999999995,2.6395643579954617,58.35254796573519,64.9074520342648
fltrust,label_flip_40pct,11,68.24600000000001,1.794778537870341,66.01748810477761,70.4745118952224
fltrust,label_flip_40pct,12,67.55000000000001,1.6767080843128295,65.46809193621156,69.63190806378846
fltrust,label_flip_40pct,13,69.06800000000001,2.643013431672262,65.78626537512358,72.34973462487645
fltrust,label_flip_40pct,14,68.674,2.1329627282256944,66.02557697085167,71.32242302914834
fltrust,label_flip_40pct,15,71.696,2.110480987831918,69.07549173851558,74.31650826148442
fltrust,label_flip_40pct,16,70.96,2.2086307975757244,68.21762265332615,73.70237734667384
fltrust,label_flip_40pct,17,69.474,3.580688481284009,65.02798802400673,73.92001197599328
fltrust,label_flip_40pct,18,69.33599999999998,6.333101925596967,61.47241534203128,77.19958465796869
fltrust,label_flip_40pct,19,68.28200000000001,4.743724275292569,62.39188834996398,74.17211165003604
fltrust,label_flip_40pct,20,70.27000000000001,1.925629767115165,67.87901484430361,72.66098515569641
fltrust,label_flip_40pct,21,69.27399999999999,7.164372268384717,60.37825688461723,78.16974311538274
fltrust,label_flip_40pct,22,71.17999999999999,4.995377863585495,64.97741914936184,77.38258085063815
fltrust,label_flip_40pct,23,67.89200000000001,7.272683136229712,58.861771179399916,76.9222288206001
fltrust,label_flip_40pct,24,66.13999999999999,13.891922113228249,48.89090044615368,83.3890995538463
fltrust,label_flip_40pct,25,69.55199999999999,7.761582957103532,59.91472187309261,79.18927812690738
fltrust,label_flip_40pct,26,66.886,12.80017109260654,50.99248838346189,82.7795116165381
fltrust,label_flip_40pct,27,67.404,9.482448523456377,55.62998505360375,79.17801494639625
fltrust,label_flip_40pct,28,61.85,16.81321652748218,40.973634343820834,82.72636565617917
fltrust,label_flip_40pct,29,56.202,16.560657293718748,35.63922805179881,76.76477194820119
fltrust,label_flip_40pct,30,55.86600000000001,25.79463180586224,23.837734339739058,87.89426566026096
fltrust,label_flip_40pct,31,57.49000000000001,19.574747763381268,33.184740428289786,81.79525957171023
fltrust,label_flip_40pct,32,64.212,18.066129081792813,41.779937932235796,86.64406206776421
fltrust,label_flip_40pct,33,64.458,15.891776804372755,44.72575287452065,84.19024712547935
fltrust,label_flip_40pct,34,66.112,12.986035576726255,49.98770714498572,82.23629285501427
fltrust,label_flip_40pct,35,68.58200000000001,8.41908070991127,58.128330584531376,79.03566941546865
fltrust,label_flip_40pct,36,72.906,1.7716743493091511,70.70617574392175,75.10582425607826
fltrust,label_flip_40pct,37,73.11800000000001,3.523828883473203,68.74258853956076,77.49341146043926
fltrust,label_flip_40pct,38,74.56800000000001,2.7509125758555095,71.15229089235424,77.98370910764578
fltrust,label_flip_40pct,39,73.34,3.330382860873507,69.2047835014185,77.4752164985815
fltrust,label_flip_40pct,40,72.164,4.967829505931137,65.9956249532709,78.3323750467291
fltrust,label_flip_40pct,41,69.78200000000001,7.1367793856893185,60.92051797366679,78.64348202633323
fltrust,label_flip_40pct,42,73.52799999999999,3.5281255646589478,69.14725350522065,77.90874649477934
fltrust,label_flip_40pct,43,68.796,6.492497978436341,60.73449900176487,76.85750099823514
fltrust,label_flip_40pct,44,68.644,4.234138637314563,63.38662249064296,73.90137750935705
fltrust,label_flip_40pct,45,51.694,25.517851202638514,20.009402850163074,83.37859714983693
fltrust,label_flip_40pct,46,67.486,8.495103295428489,56.93793607704427,78.03406392295574
fltrust,label_flip_40pct,47,59.367999999999995,26.3914961682736,26.598629349122014,92.13737065087798
fltrust,label_flip_40pct,48,68.55199999999999,12.473514741242743,53.06408581473491,84.03991418526508
fltrust,label_flip_40pct,49,57.510000000000005,23.18083907023212,28.727186678337507,86.2928133216625
fltrust,label_flip_40pct,50,70.22,6.402085597678308,62.270760799944,78.169239200056
tasl_full,clean,1,31.686,4.631644416403314,25.935053875670512,37.43694612432949
tasl_full,clean,2,45.322,5.869699310867636,38.0338056854142,52.610194314585804
tasl_full,clean,3,55.83399999999999,5.150109707569346,49.439294189311404,62.228705810688574
tasl_full,clean,4,59.57000000000001,4.83373044345669,53.56813093133831,65.57186906866171
tasl_full,clean,5,63.948,4.409684795991659,58.47265314539064,69.42334685460936
tasl_full,clean,6,66.79400000000001,4.409770969109396,61.31854614733274,72.26945385266728
tasl_full,clean,7,67.78200000000001,4.047118728181817,62.756838378760435,72.80716162123959
tasl_full,clean,8,68.574,4.331250396825378,63.19604231505615,73.95195768494385
tasl_full,clean,9,69.58800000000001,4.806357248478311,63.62011924205878,75.55588075794124
tasl_full,clean,10,70.978,5.122506222543804,64.61756844289258,77.33843155710741
tasl_full,clean,11,67.89200000000001,7.2510530269747715,58.88862850733899,76.89537149266103
tasl_full,clean,12,68.854,6.650366907171365,60.59647883651959,77.11152116348042
tasl_full,clean,13,69.474,6.937631440196285,60.85979280790173,78.08820719209828
tasl_full,clean,14,71.51,5.341708528177104,64.87739283166447,78.14260716833554
tasl_full,clean,15,72.57399999999998,3.631773671362241,68.06455738264518,77.08344261735479
tasl_full,clean,16,73.36800000000001,3.4977163978801915,69.02501147282521,77.7109885271748
tasl_full,clean,17,72.914,5.0143025437243045,66.68792105535596,79.14007894464405
tasl_full,clean,18,70.902,6.08405867821802,63.34764337629749,78.4563566237025
tasl_full,clean,19,72.124,7.261799363794073,63.107285167797876,81.14071483220211
tasl_full,clean,20,72.54999999999998,6.091666438668488,64.98619709403917,80.1138029059608
tasl_full,clean,21,69.772,7.9120585184893555,59.94788178591034,79.59611821408967
tasl_full,clean,22,74.31400000000001,3.516998720500192,69.94706930702621,78.6809306929738
tasl_full,clean,23,73.31800000000001,6.395902594630411,65.37643801222937,81.25956198777065
tasl_full,clean,24,70.37599999999999,6.835578249131526,61.88850858114864,78.86349141885134
tasl_full,clean,25,68.762,10.842166296455703,55.29967244715269,82.22432755284731
tasl_full,clean,26,72.24600000000001,11.119497740455724,58.439319977568005,86.05268002243201
tasl_full,clean,27,71.42,9.892926766129422,59.136308997630685,83.70369100236931
tasl_full,clean,28,72.16,11.225569027893421,58.221615078713484,86.09838492128651
tasl_full,clean,29,74.018,7.9775948756501815,64.11250765065031,83.92349234934969
tasl_full,clean,30,73.988,6.3111346048076005,66.15169137339245,81.82430862660755
tasl_full,clean,31,72.124,6.491338844953329,64.06393825607982,80.18406174392017
tasl_full,clean,32,73.71000000000001,7.349867345741688,64.58393432521908,82.83606567478094
tasl_full,clean,33,73.67,3.6278574944448967,69.16541995853406,78.17458004146594
tasl_full,clean,34,71.45599999999999,2.6779339050842896,68.1309058804876,74.78109411951237
tasl_full,clean,35,72.81800000000001,3.9924077948025336,67.86077097504561,77.77522902495441
tasl_full,clean,36,71.378,4.054808256872327,66.34329056782227,76.41270943217773
tasl_full,clean,37,67.458,7.055208714134545,58.69780133984565,76.21819866015434
tasl_full,clean,38,71.584,7.084446343928367,62.78749802753785,80.38050197246216
tasl_full,clean,39,71.404,4.487407937774324,65.83214711841181,76.97585288158818
tasl_full,clean,40,74.056,8.542246777048764,63.44939971316639,84.66260028683361
tasl_full,clean,41,72.99000000000001,8.761612294549447,62.111021447638464,83.86897855236155
tasl_full,clean,42,72.146,8.070974538430908,62.12456148521108,82.16743851478893
tasl_full,clean,43,74.25,4.920497942281855,68.14039485183291,80.35960514816709
tasl_full,clean,44,75.172,4.615362390972135,69.44127068046625,80.90272931953375
tasl_full,clean,45,75.224,3.349235733715978,71.0653745679473,79.3826254320527
tasl_full,clean,46,73.898,4.625750749878337,68.15437182921198,79.64162817078801
tasl_full,clean,47,74.754,3.8048823897723807,70.02961451922013,79.47838548077988
tasl_full,clean,48,74.50200000000001,4.27143652650955,69.19831104442055,79.80568895557947
tasl_full,clean,49,74.676,3.1935998496993987,70.7106220419593,78.6413779580407
tasl_full,clean,50,71.436,4.742112398499219,65.54788975934781,77.3241102406522
tasl_full,label_flip_40pct,1,27.224,10.160865120647946,14.607619589087074,39.84038041091293
tasl_full,label_flip_40pct,2,40.040000000000006,8.56234488910602,29.408444610993037,50.671555389006976
tasl_full,label_flip_40pct,3,50.624,6.506153241355446,42.545543753412204,58.7024562465878
tasl_full,label_flip_40pct,4,58.07000000000001,8.696712022367995,47.2716057790798,68.86839422092021
tasl_full,label_flip_40pct,5,60.01800000000001,6.846226697970206,51.51728678558895,68.51871321441106
tasl_full,label_flip_40pct,6,61.86800000000001,4.783050281985337,55.92905866326044,67.80694133673957
tasl_full,label_flip_40pct,7,61.327999999999996,4.865004624869333,55.287298906204924,67.36870109379507
tasl_full,label_flip_40pct,8,61.848,4.795051615989137,55.8941570388975,67.80184296110251
tasl_full,label_flip_40pct,9,63.465999999999994,6.0094783467452455,56.004247088861334,70.92775291113865
tasl_full,label_flip_40pct,10,64.174,6.311860264612963,56.33679034773719,72.01120965226282
tasl_full,label_flip_40pct,11,64.994,4.288837837922995,59.668704462516935,70.31929553748306
tasl_full,label_flip_40pct,12,63.693999999999996,2.8816800655173367,60.11592160830565,67.27207839169435
tasl_full,label_flip_40pct,13,63.980000000000004,1.9551470532929245,61.552364292732,66.40763570726801
tasl_full,label_flip_40pct,14,62.05,3.8887144405317278,57.22152327989665,66.87847672010335
tasl_full,label_flip_40pct,15,64.336,4.646711740575264,58.566345321696936,70.10565467830307
tasl_full,label_flip_40pct,16,66.84,1.6425437589300322,64.80051254906229,68.87948745093772
tasl_full,label_flip_40pct,17,65.734,4.321716094331046,60.36788071521134,71.10011928478865
tasl_full,label_flip_40pct,18,66.07,4.016049053485278,61.083416475267015,71.05658352473297
tasl_full,label_flip_40pct,19,69.404,6.058805987981461,61.88099873262202,76.92700126737797
tasl_full,label_flip_40pct,20,69.19800000000001,6.892033081754613,60.640410647955946,77.75558935204407
tasl_full,label_flip_40pct,21,68.768,2.621243979487601,65.51329572016188,72.02270427983812
tasl_full,label_flip_40pct,22,71.40599999999999,2.654360563299571,68.11017605029905,74.70182394970094
tasl_full,label_flip_40pct,23,68.348,6.390201092297486,60.413517362411824,76.28248263758817
tasl_full,label_flip_40pct,24,68.128,11.741235880434393,53.54933011284631,82.7066698871537
tasl_full,label_flip_40pct,25,63.674,8.598798171837736,52.99718188220872,74.35081811779128
tasl_full,label_flip_40pct,26,63.166,3.0637444410394297,59.36185882786442,66.97014117213558
tasl_full,label_flip_40pct,27,65.968,5.054964886129282,59.69143208870907,72.24456791129093
tasl_full,label_flip_40pct,28,70.972,5.066583661600785,64.68100547350288,77.26299452649711
tasl_full,label_flip_40pct,29,70.72800000000001,6.019740027609165,63.25350552917156,78.20249447082846
tasl_full,label_flip_40pct,30,70.12,4.303248772729739,64.77681092358695,75.46318907641306
tasl_full,label_flip_40pct,31,70.952,3.7648466104212,66.27732550508051,75.62667449491948
tasl_full,label_flip_40pct,32,71.69,4.584986368572976,65.9969874938879,77.3830125061121
tasl_full,label_flip_40pct,33,64.45599999999999,5.587314202727459,57.51843310782072,71.39356689217925
tasl_full,label_flip_40pct,34,61.705999999999996,6.534158706367639,53.5927703757536,69.81922962424639
tasl_full,label_flip_40pct,35,64.502,3.742475116817747,59.85510338327396,69.14889661672602
tasl_full,label_flip_40pct,36,70.84400000000001,6.513695571639805,62.75617871343556,78.93182128656446
tasl_full,label_flip_40pct,37,71.00200000000001,7.537338389643921,61.643158279299996,80.36084172070002
tasl_full,label_flip_40pct,38,67.454,3.736493008156179,62.81453115223238,72.09346884776761
tasl_full,label_flip_40pct,39,67.11999999999999,3.9374039670828807,62.231067247688486,72.0089327523115
tasl_full,label_flip_40pct,40,68.602,5.472487551379172,61.807009226834204,75.39699077316581
tasl_full,label_flip_40pct,41,69.284,5.862480703592975,62.00476877018432,76.56323122981568
tasl_full,label_flip_40pct,42,71.15599999999999,3.5245042204542734,66.77974999794469,75.53225000205529
tasl_full,label_flip_40pct,43,68.958,5.093355475519063,62.63376387599395,75.28223612400605
tasl_full,label_flip_40pct,44,69.702,8.586956387451844,59.039885399555175,80.36411460044482
tasl_full,label_flip_40pct,45,70.458,11.38040289269233,56.32736344308993,84.58863655691007
tasl_full,label_flip_40pct,46,69.994,11.848176230964828,55.28254612963738,84.70545387036262
tasl_full,label_flip_40pct,47,70.59200000000001,6.268290835626568,62.8088889391319,78.37511106086812
tasl_full,label_flip_40pct,48,68.274,7.245990615505931,59.276914321403936,77.27108567859607
tasl_full,label_flip_40pct,49,66.146,9.600392179489337,54.2255386620911,78.0664613379089
tasl_full,label_flip_40pct,50,67.508,7.854235799872575,57.755678173895056,77.26032182610493
