algo,condition,metric,n,mean,sd,ci95_low,ci95_high
fedavg,clean,best_acc,5,83.146,1.2930313221264194,81.54048955876581,84.75151044123419
fedavg,clean,average_acc,5,75.84664000000001,0.17930350805268752,75.62400528929935,76.06927471070067
fedavg,clean,final_acc,5,83.112,1.2842585409488214,81.51738240531814,84.70661759468184
fedavg,clean,lf_asr,5,0.0,0.0,0.0,0.0
fedavg,clean,aulc,5,76.25308163265306,0.19268064215835676,76.01383701613425,76.49232624917188
fedavg,clean,p10_acc,5,68.146,1.3331145862228078,66.49071961280683,69.80128038719317
fedavg,clean,round_to_95pct_best,5,24.8,3.420526275297414,20.552855669053177,29.047144330946825
fedavg,label_flip_40pct,best_acc,5,73.626,3.574881816228334,69.18719795095599,78.06480204904402
fedavg,label_flip_40pct,average_acc,5,54.88628,5.6158753219778665,47.9132497942991,61.8593102057009
fedavg,label_flip_40pct,final_acc,5,50.65999999999999,26.370708181616966,17.91644104374869,83.40355895625129
fedavg,label_flip_40pct,lf_asr,5,18.24972,5.2094982226698185,11.781273608204378,24.71816639179562
fedavg,label_flip_40pct,aulc,5,55.24944897959184,5.719604987136028,48.14762138311832,62.35127657606536
fedavg,label_flip_40pct,p10_acc,5,41.9264,12.34438367436787,26.59882321152309,57.25397678847691
fedavg,label_flip_40pct,round_to_95pct_best,5,39.2,7.463243262818116,29.933159530721937,48.46684046927807
fltrust,clean,best_acc,5,78.896,2.014269098209074,76.39495457805943,81.39704542194058
fltrust,clean,average_acc,5,64.42204,2.0472607865145056,61.88002998645061,66.96405001354938
fltrust,clean,final_acc,5,46.268,17.959537020758635,23.968289456916274,68.56771054308373
fltrust,clean,lf_asr,5,0.0,0.0,0.0,0.0
fltrust,clean,aulc,5,65.07985714285715,2.153592121411593,62.4058193388851,67.7538949468292
fltrust,clean,p10_acc,5,39.989999999999995,8.025923373668602,30.024499894573577,49.95550010542641
fltrust,clean,round_to_95pct_best,5,24.2,9.093954035511727,12.908364672785233,35.491635327214766
fltrust,label_flip_40pct,best_acc,5,77.852,0.7662701873360335,76.900549895488,78.80345010451201
fltrust,label_flip_40pct,average_acc,5,62.25692,3.0485494865591463,58.47164585579693,66.04219414420307
fltrust,label_flip_40pct,final_acc,5,70.22,6.402085597678308,62.270760799944,78.169239200056
fltrust,label_flip_40pct,lf_asr,5,2.47328,0.7940082316953648,1.4873885644264306,3.459171435573569
fltrust,label_flip_40pct,aulc,5,62.59616326530613,3.042397657241682,58.818527626089654,66.37379890452262
fltrust,label_flip_40pct,p10_acc,5,36.098400000000005,7.056026204599865,27.337186291365988,44.85961370863402
fltrust,label_flip_40pct,round_to_95pct_best,5,26.8,8.5848704125339,16.14047547951194,37.45952452048806
tasl_full,clean,best_acc,5,79.564,3.1605505849456055,75.63965812417118,83.48834187582881
tasl_full,clean,average_acc,5,69.82636,3.944276048655823,64.92889443140665,74.72382556859334
tasl_full,clean,final_acc,5,71.436,4.742112398499219,65.54788975934781,77.3241102406522
tasl_full,clean,lf_asr,5,0.0,0.0,0.0,0.0
tasl_full,clean,aulc,5,70.1991224489796,3.958249529893189,65.28430651180423,75.11393838615496
tasl_full,clean,p10_acc,5,61.562,6.203329146514798,53.85954952976448,69.26445047023552
tasl_full,clean,round_to_95pct_best,5,24.2,10.425929215182693,11.2544990456868,37.1455009543132
tasl_full,label_flip_40pct,best_acc,5,80.21000000000001,2.4776803667947136,77.13355348949472,83.2864465105053
tasl_full,label_flip_40pct,average_acc,5,65.13275999999999,1.949194507482513,62.712515354562434,67.55300464543755
tasl_full,label_flip_40pct,final_acc,5,67.508,7.854235799872575,57.755678173895056,77.26032182610493
tasl_full,label_flip_40pct,lf_asr,5,2.1443600000000003,1.0319837440580157,0.8629829382716321,3.4257370617283684
tasl_full,label_flip_40pct,aulc,5,65.49534693877551,1.9450718525704453,63.08022124551928,67.91047263203174
tasl_full,label_flip_40pct,p10_acc,5,56.892399999999995,3.3910686811092456,52.68183210323031,61.10296789676968
tasl_full,label_flip_40pct,round_to_95pct_best,5,30.2,10.353743284435827,17.344129717072015,43.055870282927984
