condition,comparison,metric,n,mean_difference,sd_difference,ci95_low,ci95_high,cohen_dz
clean,tasl_full-minus-fedavg,best_acc,5,-3.582000000000002,3.4669395725913663,-7.886774051234655,0.722774051234651,-1.033187895260209
clean,tasl_full-minus-fedavg,average_acc,5,-6.020280000000005,3.959944938001031,-10.937201064385132,-1.103358935614878,-1.5202938662675005
clean,tasl_full-minus-fedavg,final_acc,5,-11.676000000000005,5.098081011517961,-18.0061036519281,-5.3458963480719115,-2.2902735310837006
clean,tasl_full-minus-fedavg,lf_asr,5,0.0,0.0,0.0,0.0,inf
clean,tasl_full-minus-fedavg,aulc,5,-6.05395918367347,3.986023612953611,-11.003261199868074,-1.1046571674788668,-1.5187966182637678
clean,tasl_full-minus-fedavg,p10_acc,5,-6.584000000000001,4.9926002744061115,-12.783132018152315,-0.38486798184768745,-1.3187516801118617
clean,tasl_full-minus-fedavg,round_to_95pct_best,5,-0.6,7.956129712366434,-10.478839828884688,9.278839828884689,-0.07541355177598516
clean,tasl_full-minus-fltrust,best_acc,5,0.6680000000000007,2.6468509591588267,-2.6184995445986226,3.9544995445986237,0.252375373720435
clean,tasl_full-minus-fltrust,average_acc,5,5.404320000000001,5.52990303640127,-1.4619615138571476,12.27060151385715,0.9772901919663686
clean,tasl_full-minus-fltrust,final_acc,5,25.168,17.173778559187262,3.8439374499334242,46.49206255006658,1.4654899568701005
clean,tasl_full-minus-fltrust,lf_asr,5,0.0,0.0,0.0,0.0,inf
clean,tasl_full-minus-fltrust,aulc,5,5.119265306122449,5.68985874302856,-1.9456274499610497,12.184158062205947,0.899717468802679
clean,tasl_full-minus-fltrust,p10_acc,5,21.572000000000003,13.333157409256073,5.016698462542934,38.12730153745707,1.6179213473490086
clean,tasl_full-minus-fltrust,round_to_95pct_best,5,0.0,8.888194417315589,-11.03615101701647,11.03615101701647,0.0
label_flip_40pct,tasl_full-minus-fedavg,best_acc,5,6.584000000000003,3.3951185546310474,2.3684035210810244,10.799596478918982,1.9392548136556889
label_flip_40pct,tasl_full-minus-fedavg,average_acc,5,10.246480000000002,4.002149863760729,5.277154598752196,15.215805401247808,2.5602439560750527
label_flip_40pct,tasl_full-minus-fedavg,final_acc,5,16.848000000000003,18.856661157267478,-6.565637285306398,40.261637285306406,0.8934773690572827
label_flip_40pct,tasl_full-minus-fedavg,lf_asr,5,-16.105359999999997,5.1228860662716285,-22.466263195389192,-9.744456804610802,-3.1438060092797016
label_flip_40pct,tasl_full-minus-fedavg,aulc,5,10.245897959183669,4.110226115094054,5.142378167594451,15.349417750772886,2.492782068985811
label_flip_40pct,tasl_full-minus-fedavg,p10_acc,5,14.966,12.361039357594489,-0.3822575507048924,30.31425755070489,1.210739612345385
label_flip_40pct,tasl_full-minus-fedavg,round_to_95pct_best,5,-9.0,17.406895185529212,-30.613515072378096,12.613515072378096,-0.5170364906592835
label_flip_40pct,tasl_full-minus-fltrust,best_acc,5,2.3579999999999983,2.3857535497196656,-0.60430429127375,5.320304291273747,0.9883669670226716
label_flip_40pct,tasl_full-minus-fltrust,average_acc,5,2.8758400000000024,3.201823559785893,-1.0997490427867653,6.85142904278677,0.8981881563118709
label_flip_40pct,tasl_full-minus-fltrust,final_acc,5,-2.7120000000000006,8.70604789786962,-13.52198624142229,8.09798624142229,-0.311507590104533
label_flip_40pct,tasl_full-minus-fltrust,lf_asr,5,-0.32891999999999977,0.8455855556949871,-1.378853141907591,0.7210131419075915,-0.3889848848348176
label_flip_40pct,tasl_full-minus-fltrust,aulc,5,2.8991836734693877,3.2683854979202533,-1.159052931549482,6.957420278488257,0.8870384706192714
label_flip_40pct,tasl_full-minus-fltrust,p10_acc,5,20.794,6.465184722805682,12.766412887955187,28.821587112044813,3.216304079704017
label_flip_40pct,tasl_full-minus-fltrust,round_to_95pct_best,5,3.4,9.126883367283709,-7.9325224929609455,14.732522492960946,0.3725258517258656
