utc,seed,gpu_index,core_temp_C,power_W,fan_pct,gpu_util_pct,memory_MiB
2026-10-02T05:19:51.567866+00:00,42,1,28,25.02,30,0,10
2026-10-02T05:19:56.614501+00:00,42,1,41,185.86,30,79,433
2026-10-02T05:20:01.678825+00:00,42,1,44,244.86,30,79,433
2026-10-02T05:20:06.702744+00:00,42,1,44,253.43,30,80,433
2026-10-02T05:20:11.725836+00:00,42,1,47,210.76,30,80,433
2026-10-02T05:20:16.745512+00:00,42,1,49,210.18,30,77,433
2026-10-02T05:20:21.769150+00:00,42,1,50,207.76,30,78,433
2026-10-02T05:20:26.796487+00:00,42,1,48,253.84,30,27,433
2026-10-02T05:20:31.822367+00:00,42,1,53,219.48,30,79,433
2026-10-02T05:20:36.844571+00:00,42,1,50,258.65,30,55,433
2026-10-02T05:20:41.869703+00:00,42,1,52,259.85,30,72,433
2026-10-02T05:20:46.904902+00:00,42,1,53,224.04,30,4,433
2026-10-02T05:20:51.927486+00:00,42,1,55,180.02,30,34,433
2026-10-02T05:20:56.950909+00:00,42,1,56,219.54,30,51,433
2026-10-02T05:21:01.974478+00:00,42,1,54,182.83,30,0,433
2026-10-02T05:21:06.998336+00:00,42,1,54,164.71,30,19,433
2026-10-02T05:21:12.021802+00:00,42,1,54,246.39,30,21,433
2026-10-02T05:21:17.048852+00:00,42,1,57,223.94,30,23,433
2026-10-02T05:21:22.071436+00:00,42,1,59,221.50,30,78,433
2026-10-02T05:21:27.095511+00:00,42,1,59,222.95,30,78,433
2026-10-02T05:21:32.119441+00:00,42,1,58,171.64,30,42,433
2026-10-02T05:21:37.142493+00:00,42,1,59,223.29,30,21,433
2026-10-02T05:21:42.169286+00:00,42,1,59,223.57,30,76,433
2026-10-02T05:21:47.192516+00:00,42,1,60,225.01,30,77,433
2026-10-02T05:21:52.213267+00:00,42,1,60,174.66,30,75,433
2026-10-02T05:21:57.237115+00:00,42,1,61,226.72,30,79,433
2026-10-02T05:22:02.260668+00:00,42,1,61,244.80,30,79,433
2026-10-02T05:22:07.283748+00:00,42,1,61,264.78,30,80,433
2026-10-02T05:22:12.306789+00:00,42,1,59,229.08,30,0,433
2026-10-02T05:22:17.331383+00:00,42,1,57,217.99,31,0,433
2026-10-02T05:22:22.360217+00:00,42,1,57,197.42,30,0,433
2026-10-02T05:22:27.383756+00:00,42,1,62,224.55,30,77,433
2026-10-02T05:22:32.406474+00:00,42,1,62,179.26,30,81,433
2026-10-02T05:22:37.435510+00:00,42,1,57,139.24,30,0,10
2026-10-02T05:22:37.453145+00:00,123,1,57,138.63,30,0,10
2026-10-02T05:22:42.476325+00:00,123,1,61,180.96,30,79,433
2026-10-02T05:22:47.539091+00:00,123,1,62,237.72,30,80,433
2026-10-02T05:22:52.562484+00:00,123,1,62,249.99,30,82,433
2026-10-02T05:22:57.628814+00:00,123,1,62,187.71,30,79,433
2026-10-02T05:23:02.652430+00:00,123,1,62,197.43,30,78,433
2026-10-02T05:23:07.673611+00:00,123,1,62,202.20,30,78,433
2026-10-02T05:23:12.697234+00:00,123,1,63,256.77,30,79,433
2026-10-02T05:23:17.718479+00:00,123,1,62,197.85,30,79,433
2026-10-02T05:23:22.739659+00:00,123,1,63,254.82,30,81,433
2026-10-02T05:23:27.763236+00:00,123,1,59,247.94,30,0,433
2026-10-02T05:23:32.786403+00:00,123,1,62,225.68,31,71,433
2026-10-02T05:23:37.815065+00:00,123,1,62,177.91,30,76,433
2026-10-02T05:23:42.839722+00:00,123,1,62,227.99,30,78,433
2026-10-02T05:23:47.870520+00:00,123,1,58,206.37,31,0,433
2026-10-02T05:23:52.894938+00:00,123,1,58,198.80,31,0,433
2026-10-02T05:23:57.923399+00:00,123,1,63,264.35,30,65,433
2026-10-02T05:24:02.947399+00:00,123,1,60,259.14,32,47,433
2026-10-02T05:24:07.971377+00:00,123,1,59,242.01,32,0,433
2026-10-02T05:24:12.992252+00:00,123,1,63,249.83,31,70,433
2026-10-02T05:24:18.016112+00:00,123,1,63,243.04,31,81,433
2026-10-02T05:24:23.039728+00:00,123,1,63,190.41,31,77,433
2026-10-02T05:24:28.063292+00:00,123,1,63,188.43,32,79,433
2026-10-02T05:24:33.087360+00:00,123,1,63,243.96,32,82,433
2026-10-02T05:24:38.111622+00:00,123,1,59,239.21,33,0,433
2026-10-02T05:24:43.135226+00:00,123,1,59,237.34,33,0,433
2026-10-02T05:24:48.158406+00:00,123,1,62,232.49,33,47,433
2026-10-02T05:24:53.181981+00:00,123,1,63,182.91,33,79,433
2026-10-02T05:24:58.205141+00:00,123,1,64,245.52,33,80,433
2026-10-02T05:25:03.228816+00:00,123,1,64,258.48,34,80,433
2026-10-02T05:25:08.257464+00:00,123,1,59,236.08,34,0,433
2026-10-02T05:25:13.280483+00:00,123,1,63,223.96,34,49,433
2026-10-02T05:25:18.304372+00:00,123,1,63,230.01,34,79,433
2026-10-02T05:25:23.333351+00:00,123,1,58,143.68,34,0,10
2026-10-02T05:25:23.397570+00:00,2024,1,58,143.63,34,0,10
2026-10-02T05:25:28.424434+00:00,2024,1,62,178.56,34,72,433
2026-10-02T05:25:33.448445+00:00,2024,1,63,233.40,34,82,433
2026-10-02T05:25:38.471941+00:00,2024,1,63,237.58,35,80,433
2026-10-02T05:25:43.495467+00:00,2024,1,63,206.15,35,81,433
2026-10-02T05:25:48.519669+00:00,2024,1,61,267.22,35,67,433
2026-10-02T05:25:53.543147+00:00,2024,1,60,264.87,35,26,433
2026-10-02T05:25:58.573930+00:00,2024,1,58,212.29,35,0,433
2026-10-02T05:26:03.598423+00:00,2024,1,59,248.70,35,9,433
2026-10-02T05:26:08.628669+00:00,2024,1,58,188.19,35,0,433
2026-10-02T05:26:13.651957+00:00,2024,1,63,233.31,35,78,433
2026-10-02T05:26:18.676145+00:00,2024,1,60,262.15,36,20,433
2026-10-02T05:26:23.700293+00:00,2024,1,59,219.37,36,0,433
2026-10-02T05:26:28.733625+00:00,2024,1,59,221.87,36,0,433
2026-10-02T05:26:33.757525+00:00,2024,1,59,262.64,36,27,433
2026-10-02T05:26:38.780894+00:00,2024,1,58,200.55,36,0,433
2026-10-02T05:26:43.803083+00:00,2024,1,59,258.06,36,39,433
2026-10-02T05:26:48.821922+00:00,2024,1,62,179.32,36,46,433
2026-10-02T05:26:53.841959+00:00,2024,1,63,211.36,36,78,433
2026-10-02T05:26:58.865796+00:00,2024,1,63,227.60,36,83,433
2026-10-02T05:27:03.889053+00:00,2024,1,63,196.60,37,77,433
2026-10-02T05:27:08.921193+00:00,2024,1,61,169.86,36,45,433
2026-10-02T05:27:13.948757+00:00,2024,1,58,204.74,37,0,433
2026-10-02T05:27:18.972673+00:00,2024,1,58,190.11,37,0,433
2026-10-02T05:27:24.042909+00:00,2024,1,58,244.63,37,0,433
2026-10-02T05:27:29.112497+00:00,2024,1,62,185.72,36,59,433
2026-10-02T05:27:34.131568+00:00,2024,1,62,175.62,37,61,433
2026-10-02T05:27:39.155380+00:00,2024,1,63,241.12,37,81,433
2026-10-02T05:27:44.179407+00:00,2024,1,59,249.55,37,10,433
2026-10-02T05:27:49.249389+00:00,2024,1,63,266.66,37,79,433
2026-10-02T05:27:54.274685+00:00,2024,1,59,260.52,37,3,433
2026-10-02T05:27:59.298072+00:00,2024,1,59,194.84,37,0,433
2026-10-02T05:28:04.318607+00:00,2024,1,58,223.33,37,0,433
2026-10-02T05:28:09.348487+00:00,2024,1,56,140.45,37,0,10
2026-10-02T05:28:09.413931+00:00,3407,1,56,140.45,37,0,10
2026-10-02T05:28:14.437519+00:00,3407,1,62,182.28,37,80,431
2026-10-02T05:28:19.461450+00:00,3407,1,63,244.76,36,82,431
2026-10-02T05:28:24.485624+00:00,3407,1,62,201.61,37,68,431
2026-10-02T05:28:29.516392+00:00,3407,1,57,191.20,37,0,431
2026-10-02T05:28:34.547875+00:00,3407,1,59,191.96,36,0,431
2026-10-02T05:28:39.579351+00:00,3407,1,58,187.05,36,0,431
2026-10-02T05:28:44.604440+00:00,3407,1,62,180.42,36,73,431
2026-10-02T05:28:49.635657+00:00,3407,1,59,181.64,37,12,431
2026-10-02T05:28:54.655369+00:00,3407,1,62,186.85,36,79,431
2026-10-02T05:28:59.725742+00:00,3407,1,63,205.74,36,80,431
2026-10-02T05:29:04.751072+00:00,3407,1,61,268.20,37,83,431
2026-10-02T05:29:09.777674+00:00,3407,1,59,231.76,37,0,431
2026-10-02T05:29:14.807874+00:00,3407,1,59,260.72,37,39,431
2026-10-02T05:29:19.832049+00:00,3407,1,59,233.51,37,0,431
2026-10-02T05:29:24.855658+00:00,3407,1,60,182.12,37,9,431
2026-10-02T05:29:29.890588+00:00,3407,1,59,230.39,37,0,431
2026-10-02T05:29:34.912158+00:00,3407,1,63,227.59,37,80,431
2026-10-02T05:29:39.934089+00:00,3407,1,64,257.83,37,84,431
2026-10-02T05:29:44.956268+00:00,3407,1,64,259.93,37,81,431
2026-10-02T05:29:49.977882+00:00,3407,1,62,268.02,37,80,431
2026-10-02T05:29:55.002343+00:00,3407,1,59,248.98,38,0,431
2026-10-02T05:30:00.025441+00:00,3407,1,59,238.29,38,0,431
2026-10-02T05:30:05.049147+00:00,3407,1,59,223.74,38,0,431
2026-10-02T05:30:10.072739+00:00,3407,1,59,262.40,38,3,431
2026-10-02T05:30:15.097105+00:00,3407,1,60,182.00,38,0,431
2026-10-02T05:30:20.121920+00:00,3407,1,60,175.18,38,0,431
2026-10-02T05:30:25.145637+00:00,3407,1,63,229.24,38,79,431
2026-10-02T05:30:30.169635+00:00,3407,1,64,257.80,38,82,431
2026-10-02T05:30:35.191537+00:00,3407,1,64,222.87,38,80,431
2026-10-02T05:30:40.215389+00:00,3407,1,64,247.43,38,81,431
2026-10-02T05:30:45.235810+00:00,3407,1,60,262.28,38,6,431
2026-10-02T05:30:50.260116+00:00,3407,1,62,263.47,39,81,431
2026-10-02T05:30:55.287520+00:00,3407,1,57,141.28,39,0,10
2026-10-02T05:30:55.353505+00:00,7711,1,57,141.28,39,0,10
2026-10-02T05:31:00.375338+00:00,7711,1,62,190.30,38,70,433
2026-10-02T05:31:05.397259+00:00,7711,1,63,250.65,38,80,433
2026-10-02T05:31:10.418659+00:00,7711,1,63,244.19,38,78,433
2026-10-02T05:31:15.441400+00:00,7711,1,62,180.36,38,79,433
2026-10-02T05:31:20.462238+00:00,7711,1,62,179.20,38,76,433
2026-10-02T05:31:25.486030+00:00,7711,1,62,195.48,38,77,433
2026-10-02T05:31:30.509038+00:00,7711,1,63,246.71,38,78,433
2026-10-02T05:31:35.532624+00:00,7711,1,63,187.86,38,80,433
2026-10-02T05:31:40.556417+00:00,7711,1,64,252.24,38,80,433
2026-10-02T05:31:45.579856+00:00,7711,1,60,268.81,38,36,433
2026-10-02T05:31:50.603737+00:00,7711,1,62,230.10,38,32,433
2026-10-02T05:31:55.627903+00:00,7711,1,63,185.43,39,74,433
2026-10-02T05:32:00.652089+00:00,7711,1,62,224.62,39,54,433
2026-10-02T05:32:05.678006+00:00,7711,1,58,197.65,39,0,433
2026-10-02T05:32:10.697681+00:00,7711,1,63,175.72,38,67,433
2026-10-02T05:32:15.719494+00:00,7711,1,59,189.04,39,0,433
2026-10-02T05:32:20.743252+00:00,7711,1,64,242.12,38,84,433
2026-10-02T05:32:25.767518+00:00,7711,1,59,239.12,39,0,433
2026-10-02T05:32:30.791217+00:00,7711,1,59,228.07,39,0,433
2026-10-02T05:32:35.814649+00:00,7711,1,60,265.47,40,19,433
2026-10-02T05:32:40.837355+00:00,7711,1,59,257.91,39,0,433
2026-10-02T05:32:45.861192+00:00,7711,1,59,232.84,39,0,433
2026-10-02T05:32:50.883111+00:00,7711,1,61,180.38,39,0,433
2026-10-02T05:32:55.915079+00:00,7711,1,60,253.89,39,65,433
2026-10-02T05:33:00.938424+00:00,7711,1,59,222.10,39,0,433
2026-10-02T05:33:05.960005+00:00,7711,1,59,211.20,40,0,433
2026-10-02T05:33:10.982169+00:00,7711,1,63,232.18,39,75,433
2026-10-02T05:33:16.011794+00:00,7711,1,64,232.21,40,81,433
2026-10-02T05:33:21.034375+00:00,7711,1,63,193.31,40,80,433
2026-10-02T05:33:26.058557+00:00,7711,1,63,209.88,39,79,433
2026-10-02T05:33:31.082245+00:00,7711,1,64,258.12,39,78,433
2026-10-02T05:33:36.112642+00:00,7711,1,62,265.10,40,80,433
2026-10-02T05:33:41.136240+00:00,7711,1,57,139.85,39,0,10
