round,group,attack_active,attack_type,v1_trust,v1_agg,v2_trust,v2_agg,consensus_passed,healed_applied,heal_source,accuracy
1,noexecutor,0,none,0,0,0,0,1,0,,34.18
2,noexecutor,0,none,0,0,0,0,1,0,,67.77
3,noexecutor,0,none,0,0,0,0,1,0,,78.74
4,noexecutor,0,none,0,0,0,0,1,0,,83.67
5,noexecutor,0,none,0,0,0,0,1,0,,85.25
6,noexecutor,0,none,0,0,0,0,1,0,,89.78
7,noexecutor,0,none,0,0,0,0,1,0,,92.52
8,noexecutor,0,none,0,0,0,0,1,0,,92.7
9,noexecutor,0,none,0,0,0,0,1,0,,93.96
10,noexecutor,0,none,0,0,0,0,1,0,,94.48
11,noexecutor,0,none,0,0,0,0,1,0,,94.35
12,noexecutor,0,none,0,0,0,0,1,0,,94.84
13,noexecutor,0,none,0,0,0,0,1,0,,94.83
14,noexecutor,0,none,0,0,0,0,1,0,,94.61
15,noexecutor,0,none,0,0,0,0,1,0,,95.4
16,noexecutor,0,none,0,0,0,0,1,0,,95.62
17,noexecutor,0,none,0,0,0,0,1,0,,96.41
18,noexecutor,0,none,0,0,0,0,1,0,,96.45
19,noexecutor,0,none,0,0,0,0,1,0,,96.53
20,noexecutor,0,none,0,0,0,0,1,0,,96.58
21,noexecutor,0,none,0,0,0,0,1,0,,96.67
22,noexecutor,0,none,0,0,0,0,1,0,,96.94
23,noexecutor,0,none,0,0,0,0,1,0,,96.65
24,noexecutor,0,none,0,0,0,0,1,0,,96.95
25,noexecutor,0,none,0,0,0,0,1,0,,96.93
26,noexecutor,0,none,0,0,0,0,1,0,,96.51
27,noexecutor,0,none,0,0,0,0,1,0,,96.73
28,noexecutor,0,none,0,0,0,0,1,0,,97.16
29,noexecutor,0,none,0,0,0,0,1,0,,97.58
30,noexecutor,0,none,0,0,0,0,1,0,,97.54
31,noexecutor,0,none,0,0,0,0,1,0,,97.25
32,noexecutor,0,none,0,0,0,0,1,0,,97.41
33,noexecutor,0,none,0,0,0,0,1,0,,96.85
34,noexecutor,0,none,0,0,0,0,1,0,,97.45
35,noexecutor,0,none,0,0,0,0,1,0,,97.57
36,noexecutor,0,none,0,0,0,0,1,0,,97.46
37,noexecutor,0,none,0,0,0,0,1,0,,97.26
38,noexecutor,0,none,0,0,0,0,1,0,,95.71
39,noexecutor,0,none,0,0,0,0,1,0,,97.87
40,noexecutor,0,none,0,0,0,0,1,0,,98.0
41,noexecutor,0,none,0,0,0,0,1,0,,97.73
42,noexecutor,0,none,0,0,0,0,1,0,,97.84
43,noexecutor,0,none,0,0,0,0,1,0,,96.71
44,noexecutor,0,none,0,0,0,0,1,0,,96.97
45,noexecutor,0,none,0,0,0,0,1,0,,97.42
46,noexecutor,0,none,0,0,0,0,1,0,,97.73
47,noexecutor,0,none,0,0,0,0,1,0,,97.06
48,noexecutor,0,none,0,0,0,0,1,0,,97.77
49,noexecutor,0,none,0,0,0,0,1,0,,97.87
50,noexecutor,0,none,0,0,0,0,1,0,,97.4
1,fedavg,0,none,0,0,0,0,1,0,,32.96
2,fedavg,1,A2,0,0,0,0,1,0,,51.5
3,fedavg,0,none,0,0,0,0,1,0,,65.87
4,fedavg,0,none,0,0,0,0,1,0,,76.93
5,fedavg,1,A1,0,0,0,0,1,0,,37.12
6,fedavg,1,A2,0,0,0,0,1,0,,35.24
7,fedavg,0,none,0,0,0,0,1,0,,82.91
8,fedavg,1,A1,0,0,0,0,1,0,,24.33
9,fedavg,1,A1,0,0,0,0,1,0,,6.81
10,fedavg,1,A2,0,0,0,0,1,0,,27.49
11,fedavg,1,A2,0,0,0,0,1,0,,27.81
12,fedavg,1,A2,0,0,0,0,1,0,,29.32
13,fedavg,0,none,0,0,0,0,1,0,,90.87
14,fedavg,1,A2,0,0,0,0,1,0,,31.27
15,fedavg,1,A1,0,0,0,0,1,0,,7.02
16,fedavg,0,none,0,0,0,0,1,0,,92.02
17,fedavg,1,A2,0,0,0,0,1,0,,29.98
18,fedavg,0,none,0,0,0,0,1,0,,93.61
19,fedavg,0,none,0,0,0,0,1,0,,86.63
20,fedavg,1,A2,0,0,0,0,1,0,,28.82
21,fedavg,1,A1,0,0,0,0,1,0,,6.21
22,fedavg,1,A2,0,0,0,0,1,0,,35.17
23,fedavg,1,A2,0,0,0,0,1,0,,33.36
24,fedavg,0,none,0,0,0,0,1,0,,94.83
25,fedavg,0,none,0,0,0,0,1,0,,85.05
26,fedavg,1,A1,0,0,0,0,1,0,,4.83
27,fedavg,1,A2,0,0,0,0,1,0,,34.39
28,fedavg,0,none,0,0,0,0,1,0,,95.58
29,fedavg,1,A2,0,0,0,0,1,0,,25.47
30,fedavg,0,none,0,0,0,0,1,0,,95.78
31,fedavg,1,A2,0,0,0,0,1,0,,27.99
32,fedavg,0,none,0,0,0,0,1,0,,95.42
33,fedavg,0,none,0,0,0,0,1,0,,89.21
34,fedavg,1,A2,0,0,0,0,1,0,,26.59
35,fedavg,0,none,0,0,0,0,1,0,,96.21
36,fedavg,1,A2,0,0,0,0,1,0,,28.05
37,fedavg,1,A2,0,0,0,0,1,0,,38.45
38,fedavg,1,A2,0,0,0,0,1,0,,34.9
39,fedavg,0,none,0,0,0,0,1,0,,96.52
40,fedavg,1,A1,0,0,0,0,1,0,,4.02
41,fedavg,1,A2,0,0,0,0,1,0,,33.29
42,fedavg,1,A1,0,0,0,0,1,0,,3.27
43,fedavg,0,none,0,0,0,0,1,0,,96.46
44,fedavg,0,none,0,0,0,0,1,0,,90.99
45,fedavg,1,A2,0,0,0,0,1,0,,25.85
46,fedavg,1,A2,0,0,0,0,1,0,,42.49
47,fedavg,1,A1,0,0,0,0,1,0,,3.83
48,fedavg,1,A1,0,0,0,0,1,0,,9.83
49,fedavg,0,none,0,0,0,0,1,0,,96.55
50,fedavg,0,none,0,0,0,0,1,0,,90.89
1,trust_only,0,none,0,0,0,0,1,0,,34.18
2,trust_only,1,A2,0,0,0,0,1,0,,58.02
3,trust_only,0,none,0,0,0,0,1,0,,73.21
4,trust_only,0,none,0,0,0,0,1,0,,82.02
5,trust_only,1,A1,0,0,0,0,1,0,,60.67
6,trust_only,1,A2,0,0,0,0,1,0,,81.57
7,trust_only,0,none,0,0,0,0,1,0,,90.57
8,trust_only,1,A1,0,0,0,0,1,0,,51.12
9,trust_only,1,A1,0,0,0,0,1,0,,27.7
10,trust_only,1,A2,0,0,0,0,1,0,,84.41
11,trust_only,1,A2,0,0,0,0,1,0,,86.52
12,trust_only,1,A2,0,0,0,0,1,0,,81.01
13,trust_only,0,none,0,0,0,0,1,0,,93.23
14,trust_only,1,A2,0,0,0,0,1,0,,82.19
15,trust_only,1,A1,0,0,0,0,1,0,,16.84
16,trust_only,0,none,0,0,0,0,1,0,,94.54
17,trust_only,1,A2,0,0,0,0,1,0,,83.36
18,trust_only,0,none,0,0,0,0,1,0,,95.56
19,trust_only,0,none,0,0,0,0,1,0,,95.26
20,trust_only,1,A2,0,0,0,0,1,0,,81.08
21,trust_only,1,A1,0,0,0,0,1,0,,17.8
22,trust_only,1,A2,0,0,0,0,1,0,,89.93
23,trust_only,1,A2,0,0,0,0,1,0,,72.12
24,trust_only,0,none,0,0,0,0,1,0,,96.27
25,trust_only,0,none,0,0,0,0,1,0,,96.19
26,trust_only,1,A1,0,0,0,0,1,0,,24.16
27,trust_only,1,A2,0,0,0,0,1,0,,87.16
28,trust_only,0,none,0,0,0,0,1,0,,96.68
29,trust_only,1,A2,0,0,0,0,1,0,,81.3
30,trust_only,0,none,0,0,0,0,1,0,,96.84
31,trust_only,1,A2,0,0,0,0,1,0,,80.72
32,trust_only,0,none,0,0,0,0,1,0,,97.06
33,trust_only,0,none,0,0,0,0,1,0,,96.79
34,trust_only,1,A2,0,0,0,0,1,0,,79.21
35,trust_only,0,none,0,0,0,0,1,0,,97.4
36,trust_only,1,A2,0,0,0,0,1,0,,81.36
37,trust_only,1,A2,0,0,0,0,1,0,,80.05
38,trust_only,1,A2,0,0,0,0,1,0,,76.68
39,trust_only,0,none,0,0,0,0,1,0,,97.44
40,trust_only,1,A1,0,0,0,0,1,0,,17.85
41,trust_only,1,A2,0,0,0,0,1,0,,90.64
42,trust_only,1,A1,0,0,0,0,1,0,,8.83
43,trust_only,0,none,0,0,0,0,1,0,,97.47
44,trust_only,0,none,0,0,0,0,1,0,,97.39
45,trust_only,1,A2,0,0,0,0,1,0,,90.01
46,trust_only,1,A2,0,0,0,0,1,0,,79.5
47,trust_only,1,A1,0,0,0,0,1,0,,11.83
48,trust_only,1,A1,0,0,0,0,1,0,,19.93
49,trust_only,0,none,0,0,0,0,1,0,,97.58
50,trust_only,0,none,0,0,0,0,1,0,,95.47
1,trust_v1,0,none,0,0,0,0,1,0,,34.18
2,trust_v1,1,A2,0,1,0,0,0,1,V1,67.77
3,trust_v1,0,none,0,0,0,0,1,0,,78.74
4,trust_v1,0,none,0,0,0,0,1,0,,83.67
5,trust_v1,1,A1,1,0,0,0,0,1,V1,85.25
6,trust_v1,1,A2,0,1,0,0,0,1,V1,89.78
7,trust_v1,0,none,0,0,0,0,1,0,,92.52
8,trust_v1,1,A1,1,0,0,0,0,1,V1,92.7
9,trust_v1,1,A1,1,0,0,0,0,1,V1,93.96
10,trust_v1,1,A2,0,1,0,0,0,1,V1,94.48
11,trust_v1,1,A2,0,1,0,0,0,1,V1,94.35
12,trust_v1,1,A2,0,1,0,0,0,1,V1,94.84
13,trust_v1,0,none,0,0,0,0,1,0,,94.83
14,trust_v1,1,A2,0,1,0,0,0,1,V1,94.61
15,trust_v1,1,A1,1,0,0,0,0,1,V1,95.4
16,trust_v1,0,none,0,0,0,0,1,0,,95.62
17,trust_v1,1,A2,0,0,0,0,1,0,,91.38
18,trust_v1,0,none,0,0,0,0,1,0,,96.5
19,trust_v1,0,none,0,0,0,0,1,0,,95.97
20,trust_v1,1,A2,0,1,0,0,0,1,V1,95.74
21,trust_v1,1,A1,1,0,0,0,0,1,V1,96.43
22,trust_v1,1,A2,0,0,0,0,1,0,,93.92
23,trust_v1,1,A2,0,1,0,0,0,1,V1,96.88
24,trust_v1,0,none,0,0,0,0,1,0,,97.03
25,trust_v1,0,none,0,0,0,0,1,0,,97.22
26,trust_v1,1,A1,1,0,0,0,0,1,V1,97.29
27,trust_v1,1,A2,0,0,0,0,1,0,,88.0
28,trust_v1,0,none,0,0,0,0,1,0,,97.2
29,trust_v1,1,A2,0,1,0,0,0,1,V1,97.56
30,trust_v1,0,none,0,0,0,0,1,0,,97.4
31,trust_v1,1,A2,0,0,0,0,1,0,,88.44
32,trust_v1,0,none,0,0,0,0,1,0,,97.48
33,trust_v1,0,none,0,0,0,0,1,0,,97.24
34,trust_v1,1,A2,0,0,0,0,1,0,,90.36
35,trust_v1,0,none,0,0,0,0,1,0,,97.67
36,trust_v1,1,A2,0,1,0,0,0,1,V1,97.41
37,trust_v1,1,A2,0,0,0,0,1,0,,92.21
38,trust_v1,1,A2,0,1,0,0,0,1,V1,97.76
39,trust_v1,0,none,0,0,0,0,1,0,,97.58
40,trust_v1,1,A1,1,0,0,0,0,1,V1,97.87
41,trust_v1,1,A2,0,1,0,0,0,1,V1,97.3
42,trust_v1,1,A1,1,0,0,0,0,1,V1,97.16
43,trust_v1,0,none,0,0,0,0,1,0,,94.85
44,trust_v1,0,none,0,0,0,0,1,0,,97.84
45,trust_v1,1,A2,0,1,0,0,0,1,V1,97.12
46,trust_v1,1,A2,0,1,0,0,0,1,V1,97.48
47,trust_v1,1,A1,1,0,0,0,0,1,V1,97.22
48,trust_v1,1,A1,1,0,0,0,0,1,V1,95.91
49,trust_v1,0,none,0,0,0,0,1,0,,97.84
50,trust_v1,0,none,0,0,0,0,1,0,,97.9
1,trust_v2,0,none,0,0,0,0,1,0,,34.18
2,trust_v2,1,A2,0,0,0,1,0,1,V2,67.77
3,trust_v2,0,none,0,0,0,0,1,0,,78.74
4,trust_v2,0,none,0,0,0,0,1,0,,83.67
5,trust_v2,1,A1,0,0,1,0,0,1,V2,85.25
6,trust_v2,1,A2,0,0,0,1,0,1,V2,89.78
7,trust_v2,0,none,0,0,0,0,1,0,,92.52
8,trust_v2,1,A1,0,0,1,0,0,1,V2,92.7
9,trust_v2,1,A1,0,0,1,0,0,1,V2,93.96
10,trust_v2,1,A2,0,0,0,1,0,1,V2,94.48
11,trust_v2,1,A2,0,0,0,1,0,1,V2,94.35
12,trust_v2,1,A2,0,0,0,1,0,1,V2,94.84
13,trust_v2,0,none,0,0,0,0,1,0,,94.83
14,trust_v2,1,A2,0,0,0,1,0,1,V2,94.61
15,trust_v2,1,A1,0,0,1,0,0,1,V2,95.4
16,trust_v2,0,none,0,0,0,0,1,0,,95.62
17,trust_v2,1,A2,0,0,0,1,0,1,V2,96.41
18,trust_v2,0,none,0,0,0,0,1,0,,96.45
19,trust_v2,0,none,0,0,0,0,1,0,,96.53
20,trust_v2,1,A2,0,0,0,1,0,1,V2,96.58
21,trust_v2,1,A1,0,0,1,0,0,1,V2,96.67
22,trust_v2,1,A2,0,0,0,1,0,1,V2,96.94
23,trust_v2,1,A2,0,0,0,1,0,1,V2,96.65
24,trust_v2,0,none,0,0,0,0,1,0,,96.95
25,trust_v2,0,none,0,0,0,0,1,0,,96.93
26,trust_v2,1,A1,0,0,0,0,1,0,,65.32
27,trust_v2,1,A2,0,0,0,1,0,1,V2,96.45
28,trust_v2,0,none,0,0,0,0,1,0,,97.3
29,trust_v2,1,A2,0,0,0,1,0,1,V2,97.51
30,trust_v2,0,none,0,0,0,0,1,0,,97.61
31,trust_v2,1,A2,0,0,0,1,0,1,V2,97.76
32,trust_v2,0,none,0,0,0,0,1,0,,97.56
33,trust_v2,0,none,0,0,0,0,1,0,,96.73
34,trust_v2,1,A2,0,0,0,1,0,1,V2,97.54
35,trust_v2,0,none,0,0,0,0,1,0,,94.65
36,trust_v2,1,A2,0,0,0,1,0,1,V2,97.45
37,trust_v2,1,A2,0,0,0,1,0,1,V2,97.54
38,trust_v2,1,A2,0,0,0,1,0,1,V2,97.23
39,trust_v2,0,none,0,0,0,0,1,0,,97.81
40,trust_v2,1,A1,0,0,1,0,0,1,V2,96.8
41,trust_v2,1,A2,0,0,0,1,0,1,V2,97.88
42,trust_v2,1,A1,0,0,0,0,1,0,,60.6
43,trust_v2,0,none,0,0,0,0,1,0,,97.3
44,trust_v2,0,none,0,0,0,0,1,0,,97.99
45,trust_v2,1,A2,0,0,0,1,0,1,V2,98.02
46,trust_v2,1,A2,0,0,0,1,0,1,V2,97.86
47,trust_v2,1,A1,0,0,1,0,0,1,V2,97.1
48,trust_v2,1,A1,0,0,0,0,1,0,,55.84
49,trust_v2,0,none,0,0,0,0,1,0,,97.25
50,trust_v2,0,none,0,0,0,0,1,0,,98.0
1,trust_v1v2,0,none,0,0,0,0,1,0,,34.18
2,trust_v1v2,1,A2,0,1,0,1,0,1,V1+V2,67.77
3,trust_v1v2,0,none,0,0,0,0,1,0,,78.74
4,trust_v1v2,0,none,0,0,0,0,1,0,,83.67
5,trust_v1v2,1,A1,1,0,1,0,0,1,V1+V2,85.25
6,trust_v1v2,1,A2,0,1,0,1,0,1,V1+V2,89.78
7,trust_v1v2,0,none,0,0,0,0,1,0,,92.52
8,trust_v1v2,1,A1,1,0,1,0,0,1,V1+V2,92.7
9,trust_v1v2,1,A1,1,0,1,0,0,1,V1+V2,93.96
10,trust_v1v2,1,A2,0,1,0,1,0,1,V1+V2,94.48
11,trust_v1v2,1,A2,0,1,0,1,0,1,V1+V2,94.35
12,trust_v1v2,1,A2,0,1,0,1,0,1,V1+V2,94.84
13,trust_v1v2,0,none,0,0,0,0,1,0,,94.83
14,trust_v1v2,1,A2,0,1,0,1,0,1,V1+V2,94.61
15,trust_v1v2,1,A1,1,0,1,0,0,1,V1+V2,95.4
16,trust_v1v2,0,none,0,0,0,0,1,0,,95.62
17,trust_v1v2,1,A2,0,0,0,1,0,1,V2,96.41
18,trust_v1v2,0,none,0,0,0,0,1,0,,96.45
19,trust_v1v2,0,none,0,0,0,0,1,0,,96.53
20,trust_v1v2,1,A2,0,0,0,1,0,1,V2,96.58
21,trust_v1v2,1,A1,1,0,1,0,0,1,V1+V2,96.67
22,trust_v1v2,1,A2,0,0,0,1,0,1,V2,96.94
23,trust_v1v2,1,A2,0,0,0,1,0,1,V2,96.65
24,trust_v1v2,0,none,0,0,0,0,1,0,,96.95
25,trust_v1v2,0,none,0,0,0,0,1,0,,96.93
26,trust_v1v2,1,A1,1,0,0,0,0,1,V1,96.51
27,trust_v1v2,1,A2,0,0,0,1,0,1,V2,96.73
28,trust_v1v2,0,none,0,0,0,0,1,0,,97.16
29,trust_v1v2,1,A2,0,0,0,1,0,1,V2,97.58
30,trust_v1v2,0,none,0,0,0,0,1,0,,97.54
31,trust_v1v2,1,A2,0,0,0,1,0,1,V2,97.25
32,trust_v1v2,0,none,0,0,0,0,1,0,,97.41
33,trust_v1v2,0,none,0,0,0,0,1,0,,96.85
34,trust_v1v2,1,A2,0,0,0,1,0,1,V2,97.45
35,trust_v1v2,0,none,0,0,0,0,1,0,,97.57
36,trust_v1v2,1,A2,0,0,0,1,0,1,V2,97.46
37,trust_v1v2,1,A2,0,0,0,1,0,1,V2,97.26
38,trust_v1v2,1,A2,0,0,0,1,0,1,V2,95.71
39,trust_v1v2,0,none,0,0,0,0,1,0,,97.87
40,trust_v1v2,1,A1,1,0,1,0,0,1,V1+V2,98.0
41,trust_v1v2,1,A2,0,0,0,1,0,1,V2,97.73
42,trust_v1v2,1,A1,1,0,0,0,0,1,V1,97.84
43,trust_v1v2,0,none,0,0,0,0,1,0,,96.71
44,trust_v1v2,0,none,0,0,0,0,1,0,,96.97
45,trust_v1v2,1,A2,0,1,0,1,0,1,V1+V2,97.42
46,trust_v1v2,1,A2,0,0,0,1,0,1,V2,97.73
47,trust_v1v2,1,A1,1,0,1,0,0,1,V1+V2,97.06
48,trust_v1v2,1,A1,1,0,0,0,0,1,V1,97.77
49,trust_v1v2,0,none,0,0,0,0,1,0,,97.87
50,trust_v1v2,0,none,0,0,0,0,1,0,,97.4
