rounds,window,scheme,archive_replication_factor,active_bytes,archive_bytes_single_copy,replicated_archive_bytes,total_physical_bytes,active_reduction_vs_full
50,3,full_retention,1,1281155700,0,0,1281155700,0.0
50,3,full_retention,3,1281155700,0,0,1281155700,0.0
50,3,equivalent_checkpoint_prune,1,72278064,1208877636,1208877636,1281155700,0.9435837002481431
50,3,equivalent_checkpoint_prune,3,72278064,1208877636,3626632908,3698910972,0.9435837002481431
50,3,hbs_state_classification,1,72278064,1208877636,1208877636,1281155700,0.9435837002481431
50,3,hbs_state_classification,3,72278064,1208877636,3626632908,3698910972,0.9435837002481431
50,5,full_retention,1,1281155700,0,0,1281155700,0.0
50,5,full_retention,3,1281155700,0,0,1281155700,0.0
50,5,equivalent_checkpoint_prune,1,118862944,1162292756,1162292756,1281155700,0.9072220933021646
50,5,equivalent_checkpoint_prune,3,118862944,1162292756,3486878268,3605741212,0.9072220933021646
50,5,hbs_state_classification,1,118862944,1162292756,1162292756,1281155700,0.9072220933021646
50,5,hbs_state_classification,3,118862944,1162292756,3486878268,3605741212,0.9072220933021646
50,10,full_retention,1,1281155700,0,0,1281155700,0.0
50,10,full_retention,3,1281155700,0,0,1281155700,0.0
50,10,equivalent_checkpoint_prune,1,235325144,1045830556,1045830556,1281155700,0.8163180759372183
50,10,equivalent_checkpoint_prune,3,235325144,1045830556,3137491668,3372816812,0.8163180759372183
50,10,hbs_state_classification,1,235325144,1045830556,1045830556,1281155700,0.8163180759372183
50,10,hbs_state_classification,3,235325144,1045830556,3137491668,3372816812,0.8163180759372183
50,20,full_retention,1,1281155700,0,0,1281155700,0.0
50,20,full_retention,3,1281155700,0,0,1281155700,0.0
50,20,equivalent_checkpoint_prune,1,468249544,812906156,812906156,1281155700,0.6345100412073255
50,20,equivalent_checkpoint_prune,3,468249544,812906156,2438718468,2906968012,0.6345100412073255
50,20,hbs_state_classification,1,468249544,812906156,812906156,1281155700,0.6345100412073255
50,20,hbs_state_classification,3,468249544,812906156,2438718468,2906968012,0.6345100412073255
300,3,full_retention,1,7686934200,0,0,7686934200,0.0
300,3,full_retention,3,7686934200,0,0,7686934200,0.0
300,3,equivalent_checkpoint_prune,1,72635564,7614298636,7614298636,7686934200,0.9905507758866987
300,3,equivalent_checkpoint_prune,3,72635564,7614298636,22842895908,22915531472,0.9905507758866987
300,3,hbs_state_classification,1,72635564,7614298636,7614298636,7686934200,0.9905507758866987
300,3,hbs_state_classification,3,72635564,7614298636,22842895908,22915531472,0.9905507758866987
300,5,full_retention,1,7686934200,0,0,7686934200,0.0
300,5,full_retention,3,7686934200,0,0,7686934200,0.0
300,5,equivalent_checkpoint_prune,1,119220444,7567713756,7567713756,7686934200,0.984490508062369
300,5,equivalent_checkpoint_prune,3,119220444,7567713756,22703141268,22822361712,0.984490508062369
300,5,hbs_state_classification,1,119220444,7567713756,7567713756,7686934200,0.984490508062369
300,5,hbs_state_classification,3,119220444,7567713756,22703141268,22822361712,0.984490508062369
300,10,full_retention,1,7686934200,0,0,7686934200,0.0
300,10,full_retention,3,7686934200,0,0,7686934200,0.0
300,10,equivalent_checkpoint_prune,1,235682644,7451251556,7451251556,7686934200,0.9693398385015446
300,10,equivalent_checkpoint_prune,3,235682644,7451251556,22353754668,22589437312,0.9693398385015446
300,10,hbs_state_classification,1,235682644,7451251556,7451251556,7686934200,0.9693398385015446
300,10,hbs_state_classification,3,235682644,7451251556,22353754668,22589437312,0.9693398385015446
300,20,full_retention,1,7686934200,0,0,7686934200,0.0
300,20,full_retention,3,7686934200,0,0,7686934200,0.0
300,20,equivalent_checkpoint_prune,1,468607044,7218327156,7218327156,7686934200,0.9390384993798958
300,20,equivalent_checkpoint_prune,3,468607044,7218327156,21654981468,22123588512,0.9390384993798958
300,20,hbs_state_classification,1,468607044,7218327156,7218327156,7686934200,0.9390384993798958
300,20,hbs_state_classification,3,468607044,7218327156,21654981468,22123588512,0.9390384993798958
