round,accuracy,asr,round_seconds,accepted_total,excluded_total,honest_rejected,byzantine_nonzero,byzantine_weight_sum,weights_json
1,17.73,9.71,1.295922570003313,10,0,-1,-1,nan,{}
2,18.85,8.76,1.2538075199991,10,0,-1,-1,nan,{}
3,23.08,1.32,1.2795007470012933,10,0,-1,-1,nan,{}
4,27.48,0.45,1.2321917959998245,10,0,-1,-1,nan,{}
5,32.88,0.33,1.2564178989996435,10,0,-1,-1,nan,{}
6,35.92,0.49,1.24636438500238,10,0,-1,-1,nan,{}
7,45.92,0.12,1.2446710330004862,10,0,-1,-1,nan,{}
8,56.01,2.21,1.259737424999912,10,0,-1,-1,nan,{}
9,62.63,1.29,1.2473074980007368,10,0,-1,-1,nan,{}
10,63.98,1.46,1.281936619001499,10,0,-1,-1,nan,{}
11,68.58,1.51,1.3013673189998372,10,0,-1,-1,nan,{}
12,69.73,1.76,1.2968476370006101,10,0,-1,-1,nan,{}
13,64.87,2.41,1.2890604979984346,10,0,-1,-1,nan,{}
14,70.43,0.79,1.2864115970005514,10,0,-1,-1,nan,{}
15,68.68,1.77,1.2931849259985029,10,0,-1,-1,nan,{}
16,69.53,1.13,1.2922549139984767,10,0,-1,-1,nan,{}
17,63.95,2.64,1.2924291510025796,10,0,-1,-1,nan,{}
18,73.57,1.28,1.2641753919997427,10,0,-1,-1,nan,{}
19,60.79,3.33,1.2546776240014879,10,0,-1,-1,nan,{}
20,68.69,0.96,1.2820789010002045,10,0,-1,-1,nan,{}
21,58.85,4.45,1.2910351840000658,10,0,-1,-1,nan,{}
22,63.91,1.09,1.2944962179972208,10,0,-1,-1,nan,{}
23,55.83,5.44,1.2951835709973238,10,0,-1,-1,nan,{}
24,42.38,0.67,1.2937245339999208,10,0,-1,-1,nan,{}
25,55.72,4.28,1.2846450120014197,10,0,-1,-1,nan,{}
26,44.3,1.03,1.291571803001716,10,0,-1,-1,nan,{}
27,51.7,4.62,1.2811905869966722,10,0,-1,-1,nan,{}
28,34.45,6.12,1.2825689899982535,10,0,-1,-1,nan,{}
29,32.31,10.74,1.2922851309995167,10,0,-1,-1,nan,{}
30,12.77,10.13,1.2805414219983504,10,0,-1,-1,nan,{}
31,32.81,9.95,1.284492490998673,10,0,-1,-1,nan,{}
32,58.35,1.4,1.2834212170018873,10,0,-1,-1,nan,{}
33,72.31,1.11,1.274904019999667,10,0,-1,-1,nan,{}
34,73.77,0.95,1.273274561001017,10,0,-1,-1,nan,{}
35,71.2,1.18,1.2728738719997637,10,0,-1,-1,nan,{}
36,73.83,1.08,1.275430038000195,10,0,-1,-1,nan,{}
37,74.7,0.7,1.2742104200005997,10,0,-1,-1,nan,{}
38,71.93,1.18,1.2728679339998052,10,0,-1,-1,nan,{}
39,74.75,0.54,1.268917256998975,10,0,-1,-1,nan,{}
40,67.02,1.63,1.2900231740022718,10,0,-1,-1,nan,{}
41,76.23,0.74,1.2926356890020543,10,0,-1,-1,nan,{}
42,71.42,1.21,1.279557093999756,10,0,-1,-1,nan,{}
43,75.96,1.31,1.296381112002564,10,0,-1,-1,nan,{}
44,71.08,1.81,1.2742465299998003,10,0,-1,-1,nan,{}
45,76.02,0.74,1.2878919149989088,10,0,-1,-1,nan,{}
46,71.36,1.31,1.2958034969997243,10,0,-1,-1,nan,{}
47,77.68,0.58,1.2775146659987513,10,0,-1,-1,nan,{}
48,68.38,1.86,1.2793261840015475,10,0,-1,-1,nan,{}
49,48.86,7.82,1.2935527139998158,10,0,-1,-1,nan,{}
50,62.54,1.84,1.2965544430007867,10,0,-1,-1,nan,{}
